,1,Southern,Bo district,Badjia,Ngelehun CHC,CHC,MoHS,Unnamed: 8,Unnamed: 9,Unnamed: 10
0,2,Southern,Bo district,Florida,Victoria CHP,MCHP,MoHS,,,
1,3,Southern,Bo district,Louisiana,Kristina CHC,CHC,MoHS,,,
2,4,Southern,Bo district,Louisiana,James Regional Hospital,MCHP,MoHS,,,
3,5,Southern,Bo district,Louisiana,Jake Regional Hospital,MCHP,MoHS,,,
4,6,Southern,Bo district,Louisiana,Donna MCHP,MCHP,MoHS,,,
5,7,Southern,Bo district,Louisiana,Laurie hospital,MCHP,MoHS,,,
6,8,Southern,Bo district,Louisiana,Stacey Regional Hospital,MCHP,MoHS,,,
7,9,Southern,Bo district,Iowa,Sara Regional Hospital,CHC,MoHS,,,
8,10,Southern,Bo district,Iowa,Douglas CHC,CHC,MoHS,,,
9,11,Southern,Bo district,Iowa,Matthew Regional Hospital,CHC,MoHS,,,
10,12,Southern,Bo district,Iowa,Mark hospital,CHP,MoHS,,,
11,13,Southern,Bo district,Iowa,Mary CHP,CHP,MoHS,,,
12,14,Southern,Bo district,Iowa,Debbie Hospital,CHP,MoHS,,,
13,15,Southern,Bo district,Iowa,Lindsay hospital,CHP,MoHS,,,
14,16,Southern,Bo district,Iowa,Mark Hospital,MCHP,MoHS,,,
15,17,Southern,Bo district,Iowa,Jerry MCHP,MCHP,MoHS,,,
16,18,Southern,Bo district,Iowa,Marc Clinic,MCHP,MoHS,,,
17,19,Southern,Bo district,Iowa,Johnny Regional Hospital,MCHP,MoHS,,,
18,20,Southern,Bo district,Iowa,Kristy Hospital/CHC,MCHP,MoHS,,,
19,21,Southern,Bo district,Iowa,Benjamin CHC,MCHP,MoHS,,,
20,22,Southern,Bo district,Iowa,David Hospital/CHC,MCHP,MoHS,,,
21,23,Southern,Bo district,Iowa,April CHC,MCHP,MoHS,,,
22,24,Southern,Bo district,Iowa,Heather CHP,MCHP,MoHS,,,
23,25,Southern,Bo district,Louisiana,Jennifer Hospital,CHC,MoHS,,,
24,26,Southern,Bo district,Louisiana,Christopher CHC,CHP,MoHS,,,
25,27,Southern,Bo district,Louisiana,Travis CHP,CHP,MoHS,,,
26,28,Southern,Bo district,Louisiana,Charles Hospital,CHP,MoHS,,,
27,29,Southern,Bo district,Louisiana,Kendra Tertiary Hospital,MCHP,MoHS,,,
28,30,Southern,Bo district,Louisiana,Daniel CHp,MCHP,MoHS,,,
29,31,Southern,Bo district,Louisiana,Evelyn CHP,MCHP,MoHS,,,
30,32,Southern,Bo district,Louisiana,Deborah Tertiary Hospital,MCHP,MoHS,,,
31,33,Southern,Bo district,Louisiana,Jonathan hospital,MCHP,MoHS,,,
32,34,Southern,Bo district,Louisiana,James hospital,MCHP,MoHS,,,
33,35,Southern,Bo district,Delaware,Megan MCHP,CHC,MoHS,,,
34,36,Southern,Bo district,Delaware,Andrew CHC,CHP,MoHS,,,
35,37,Southern,Bo district,Delaware,Kevin CHp,MCHP,MoHS,,,
36,38,Southern,Bo district,Delaware,Ashley CHP,MCHP,MoHS,,,
37,39,Southern,Bo district,Montana,Laurie CHp,CHC,MoHS,,,
38,40,Southern,Bo district,Montana,Fernando Hospital/CHC,CHP,MoHS,,,
39,41,Southern,Bo district,Montana,Michelle MCHP,CHP,MoHS,,,
40,42,Southern,Bo district,Montana,Emily Regional Hospital,CHP,MoHS,,,
41,43,Southern,Bo district,Montana,Matthew MCHP,CHP,MoHS,,,
42,44,Southern,Bo district,Montana,Beth Clinic,CHP,MoHS,,,
43,45,Southern,Bo district,Montana,Angel Regional Hospital,MCHP,MoHS,,,
44,46,Southern,Bo district,Montana,Christina Tertiary Hospital,MCHP,MoHS,,,
45,47,Southern,Bo district,Montana,Teresa Clinic,MCHP,MoHS,,,
46,48,Southern,Bo district,Montana,John Regional Hospital,MCHP,MoHS,,,
47,49,Southern,Bo district,Montana,Roberto hospital,MCHP,MoHS,,,
48,50,Southern,Bo district,Montana,Tara Hospital/CHC,MCHP,MoHS,,,
49,51,Southern,Bo district,Montana,Mary Hospital/CHC,MCHP,MoHS,,,
50,52,Southern,Bo district,Montana,Paul CHp,MCHP,MoHS,,,
51,53,Southern,Bo district,Montana,Mark Tertiary Hospital,MCHP,MoHS,,,
52,54,Southern,Bo district,Montana,Danielle CHp,Hospital,NGO,,,
53,55,Southern,Bo district,New Mexico,Samantha Hospital,CHC,MoHS,,,
54,56,Southern,Bo district,New Mexico,Deborah Clinic,CHC,MoHS,,,
55,57,Southern,Bo district,California,John MCHP,CHC,MoHS,,,
56,58,Southern,Bo district,California,Rachel Hospital/CHC,CHP,MoHS,,,
57,59,Southern,Bo district,California,Julian Regional Hospital,CHP,MoHS,,,
58,60,Southern,Bo district,Nebraska,Thomas Hospital,CHC,MoHS,,,
59,61,Southern,Bo district,Nebraska,Amanda MCHP,CHC,MoHS,,,
60,62,Southern,Bo district,Nebraska,Vanessa CHP,CHC,NGO,,,
61,63,Southern,Bo district,Nebraska,Erin Clinic,CHC,NGO,,,
62,64,Southern,Bo district,Nebraska,Edwin CHp,CHP,MoHS,,,
63,65,Southern,Bo district,Nebraska,Christopher Hospital/CHC,CHP,MoHS,,,
64,66,Southern,Bo district,Nebraska,Laura CHP,Clinic,Private,,,
65,67,Southern,Bo district,Nebraska,Wendy Tertiary Hospital,Regional Hospital,MoHS,,,
66,68,Southern,Bo district,Nebraska,Dakota Regional Hospital,Hospital,NGO,,,
67,69,Southern,Bo district,Nebraska,Debbie CHP,Hospital,NGO,,,
68,70,Southern,Bo district,Nebraska,Christopher CHP,Hospital,Private,,,
69,71,Southern,Bo district,Nebraska,Robert MCHP,Hospital,Private,,,
70,72,Southern,Bo district,Nebraska,Lindsey hospital,Hospital,Private,,,
71,73,Southern,Bo district,Nebraska,Amanda MCHP,MCHP,MoHS,,,
72,74,Southern,Bo district,Nebraska,Scott MCHP,MCHP,MoHS,,,
73,75,Southern,Bo district,Nebraska,Brandon Clinic,MCHP,MoHS,,,
74,76,Southern,Bo district,Nebraska,Jason MCHP,MCHP,MoHS,,,
75,77,Southern,Bo district,Nebraska,Matthew MCHP,MCHP,MoHS,,,
76,78,Southern,Bo district,Iowa,Briana Tertiary Hospital,CHC,MoHS,,,
77,79,Southern,Bo district,Iowa,Ronald CHP,CHP,MoHS,,,
78,80,Southern,Bo district,Iowa,John Hospital/CHC,MCHP,MoHS,,,
79,81,Southern,Bo district,Iowa,David Tertiary Hospital,MCHP,MoHS,,,
80,82,Southern,Bo district,Iowa,David Hospital,MCHP,MoHS,,,
81,83,Southern,Bo district,Iowa,Lauren Hospital,MCHP,MoHS,,,
82,84,Southern,Bo district,Rhode Island,James CHp,CHC,MoHS,,,
83,85,Southern,Bo district,Rhode Island,Lisa Hospital,CHP,MoHS,,,
84,86,Southern,Bo district,Rhode Island,Paul hospital,CHP,MoHS,,,
85,87,Southern,Bo district,Rhode Island,Steven Clinic,CHP,MoHS,,,
86,88,Southern,Bo district,Rhode Island,Donna CHP,CHP,MoHS,,,
87,89,Southern,Bo district,Rhode Island,Valerie CHP,CHP,MoHS,,,
88,90,Southern,Bo district,Rhode Island,Samantha Clinic,CHP,MoHS,,,
89,91,Southern,Bo district,Rhode Island,Cindy hospital,CHP,MoHS,,,
90,92,Southern,Bo district,Rhode Island,Samantha MCHP,CHP,MoHS,,,
91,93,Southern,Bo district,Rhode Island,Denise Hospital,CHP,MoHS,,,
92,94,Southern,Bo district,Rhode Island,Alexander CHC,CHP,Private,,,
93,95,Southern,Bo district,Rhode Island,Larry Hospital,MCHP,MoHS,,,
94,96,Southern,Bo district,Rhode Island,Barbara Tertiary Hospital,MCHP,MoHS,,,
95,97,Southern,Bo district,Rhode Island,Timothy MCHP,MCHP,MoHS,,,
96,98,Southern,Bo district,Rhode Island,Sierra Hospital/CHC,MCHP,MoHS,,,
97,99,Southern,Bo district,Rhode Island,Carolyn CHC,MCHP,MoHS,,,
98,100,Southern,Bo district,Rhode Island,Teresa hospital,MCHP,MoHS,,,
99,101,Southern,Bo district,Rhode Island,Margaret Hospital/CHC,MCHP,MoHS,,,
100,102,Southern,Bo district,Rhode Island,Leah Regional Hospital,MCHP,Private,,,
101,103,Southern,Bo district,Oklahoma,Nathan Regional Hospital,CHC,MoHS,,,
102,104,Southern,Bo district,Oklahoma,Michelle Hospital,CHP,MoHS,,,
103,105,Southern,Bo district,Oklahoma,Erica CHp,MCHP,MoHS,,,
104,106,Southern,Bo district,Oklahoma,Courtney Regional Hospital,MCHP,MoHS,,,
105,107,Southern,Bo district,Oklahoma,Anna MCHP,MCHP,MoHS,,,
106,108,Southern,Bo district,Oklahoma,Lori CHP,MCHP,MoHS,,,
107,109,Southern,Bo district,Kentucky,Dwayne Regional Hospital,CHC,MoHS,,,
108,110,Southern,Bo district,Kentucky,Cynthia CHP,CHP,MoHS,,,
109,111,Southern,Bo district,Kentucky,Daniel Hospital,CHP,MoHS,,,
110,112,Southern,Bo district,Kentucky,Jessica MCHP,MCHP,MoHS,,,
111,113,Southern,Bo district,Kentucky,Rebecca Regional Hospital,MCHP,MoHS,,,
112,114,Southern,Bo district,Kentucky,Jimmy CHP,MCHP,MoHS,,,
113,115,Southern,Bo district,Kentucky,Nicole CHC,MCHP,MoHS,,,
114,116,Southern,Bo district,Kentucky,Karina MCHP,MCHP,MoHS,,,
115,117,Southern,Bo district,Kentucky,Amber Hospital,MCHP,MoHS,,,
116,118,Southern,Bo district,Rhode Island,Frank Clinic,CHC,MoHS,,,
117,119,Southern,Bo district,Rhode Island,Jasmine CHP,CHP,MoHS,,,
118,120,Southern,Bo district,Rhode Island,Jared CHC,MCHP,MoHS,,,
119,121,Southern,Bo district,Rhode Island,Monica hospital,MCHP,MoHS,,,
120,122,Southern,Bo district,Rhode Island,Tiffany Hospital,MCHP,MoHS,,,
121,123,Southern,Bo district,Idaho,Tracy CHP,CHC,MoHS,,,
122,124,Southern,Bo district,Idaho,Brenda hospital,MCHP,MoHS,,,
123,125,Southern,Bo district,Utah,Andrew Hospital/CHC,CHC,MoHS,,,
124,126,Southern,Bo district,Utah,Karen Hospital/CHC,CHC,MoHS,,,
125,127,Southern,Bo district,Utah,Maria Clinic,CHC,MoHS,,,
126,128,Southern,Bo district,Utah,Abigail CHP,CHp,MoHS,,,
127,129,Southern,Bo district,Utah,Dana CHC,CHP,MoHS,,,
128,130,Southern,Bo district,Utah,Carl Clinic,MCHP,MoHS,,,
129,131,Southern,Bo district,Utah,Sonia CHC,MCHP,MoHS,,,
130,132,Southern,Bo district,Utah,Cheryl Regional Hospital,MCHP,MoHS,,,
131,133,Southern,Bo district,Utah,Robert Hospital/CHC,MCHP,MoHS,,,
132,134,Southern,Bo district,Utah,Sandra Tertiary Hospital,MCHP,MoHS,,,
133,135,Southern,Bo district,Iowa,Scott Hospital,CHC,MoHS,,,
134,136,Southern,Bo district,Iowa,Megan Regional Hospital,CHC,MoHS,,,
135,137,Southern,Bo district,Iowa,Billy CHp,CHC,MoHS,,,
136,138,Southern,Bo district,Iowa,Courtney hospital,CHP,MoHS,,,
137,139,Southern,Bo district,Iowa,Kirsten CHP,CHP,MoHS,,,
138,140,Southern,Bo district,Iowa,Michael Clinic,CHP,MoHS,,,
139,141,Southern,Bo district,Iowa,Heather CHC,CHP,MoHS,,,
140,142,Southern,Bo district,Iowa,Adam Hospital,MCHP,MoHS,,,
141,143,Southern,Bo district,Iowa,Thomas Hospital,MCHP,MoHS,,,
142,144,Southern,Bo district,Georgia,Cathy Clinic,CHC,MoHS,,,
143,145,Southern,Bo district,Georgia,Maurice Tertiary Hospital,MCHP,MoHS,,,
144,146,Southern,Bo district,Georgia,Brianna CHP,MCHP,MoHS,,,
145,147,Southern,Bo district,Georgia,Peter CHC,MCHP,MoHS,,,
146,148,Northern,Bombali district,Florida,Christine MCHP,CHC,MoHS,,,
147,149,Northern,Bombali district,Florida,Diana Tertiary Hospital,CHC,MoHS,,,
148,150,Northern,Bombali district,Florida,Kevin Hospital,CHP,MoHS,,,
149,151,Northern,Bombali district,Florida,Julie CHp,MCHP,MoHS,,,
150,152,Northern,Bombali district,Florida,Robert Clinic,CHP,MoHS,,,
151,153,Northern,Bombali district,Florida,Amanda Hospital,MCHP,MoHS,,,
152,154,Northern,Bombali district,Florida,Steven CHP,MCHP,MoHS,,,
153,155,Northern,Bombali district,Florida,Gary Clinic,MCHP,MoHS,,,
154,156,Northern,Bombali district,Florida,Thomas Clinic,CHP,MoHS,,,
155,157,Northern,Bombali district,Florida,Sharon CHp,CHP,MoHS,,,
156,158,Northern,Bombali district,Florida,Anne MCHP,CHP,MoHS,,,
157,159,Northern,Bombali district,Florida,Derek Hospital,MCHP,MoHS,,,
158,160,Northern,Bombali district,Mississippi,Bernard Hospital,Clinic,MoHS,,,
159,161,Northern,Bombali district,Mississippi,Christopher CHp,CHP,MoHS,,,
160,162,Northern,Bombali district,Mississippi,Brad Hospital,Clinic,Faith Based,,,
161,163,Northern,Bombali district,Mississippi,Frank Hospital,Hospital,MoHS,,,
162,164,Northern,Bombali district,Mississippi,Courtney Tertiary Hospital,CHP,MoHS,,,
163,165,Northern,Bombali district,Mississippi,Robert CHC,CHP,MoHS,,,
164,166,Northern,Bombali district,Mississippi,Jeffrey Tertiary Hospital,CHP,MoHS,,,
165,167,Northern,Bombali district,Mississippi,Amber Hospital/CHC,CHC,MoHS,,,
166,168,Northern,Bombali district,Mississippi,Jesse Regional Hospital,CHC,Sierra Leone Police,,,
167,169,Northern,Bombali district,Mississippi,Brenda Hospital/CHC,CHP,MoHS,,,
168,170,Northern,Bombali district,Mississippi,Peter CHC,CHP,MoHS,,,
169,171,Northern,Bombali district,Mississippi,Javier Hospital,CHP,MoHS,,,
170,172,Northern,Bombali district,Mississippi,Miranda CHP,CHP,MoHS,,,
171,173,Northern,Bombali district,Mississippi,Carol Tertiary Hospital,CHP,MoHS,,,
172,174,Northern,Bombali district,Mississippi,Sarah CHP,CHP,MoHS,,,
173,175,Northern,Bombali district,Mississippi,Angela CHC,Clinic,Private,,,
174,176,Northern,Bombali district,Mississippi,Christine CHP,Hospital,NGO,,,
175,177,Northern,Bombali district,Mississippi,Amanda hospital,Clinic,NGO,,,
176,178,Northern,Bombali district,Mississippi,Jose CHp,Clinic,Correctional Centre( prisons),,,
177,179,Northern,Bombali district,Mississippi,Erin CHP,Clinic,MoHS,,,
178,180,Northern,Bombali district,Mississippi,Ryan Clinic,Clinic,Private,,,
179,181,Northern,Bombali district,Mississippi,Cassandra CHP,Clinic,Private,,,
180,182,Northern,Bombali district,Mississippi,Ashley CHp,Clinic,NGO,,,
181,183,Northern,Bombali district,Louisiana,Erica hospital,CHC,MoHS,,,
182,184,Northern,Bombali district,Louisiana,Daniel Clinic,Clinic,NGO,,,
183,185,Northern,Bombali district,Maryland,Stephen CHp,CHP,MoHS,,,
184,186,Northern,Bombali district,Maryland,Teresa Tertiary Hospital,CHP,MoHS,,,
185,187,Northern,Bombali district,Maryland,Stephanie MCHP,CHC,MoHS,,,
186,188,Northern,Bombali district,Maryland,Daniel hospital,CHC,MoHS,,,
187,189,Northern,Bombali district,Delaware,Daniel Clinic,CHC,NGO,,,
188,190,Northern,Bombali district,Delaware,Kevin Clinic,CHP,MoHS,,,
189,191,Northern,Bombali district,Delaware,Courtney hospital,MCHP,MoHS,,,
190,192,Northern,Bombali district,Delaware,Erin CHp,CHP,MoHS,,,
191,193,Northern,Bombali district,Delaware,Colin MCHP,MCHP,MoHS,,,
192,194,Northern,Bombali district,New Mexico,Susan Regional Hospital,CHC,MoHS,,,
193,195,Northern,Bombali district,New Mexico,Stephanie CHp,CHP,MoHS,,,
194,196,Northern,Bombali district,New Mexico,Monica hospital,CHP,MoHS,,,
195,197,Northern,Bombali district,Michigan,Patrick Hospital/CHC,CHC,MoHS,,,
196,198,Northern,Bombali district,Michigan,Jennifer Tertiary Hospital,CHP,MoHS,,,
197,199,Northern,Bombali district,Michigan,Melanie Tertiary Hospital,MCHP,MoHS,,,
198,200,Northern,Bombali district,Arkansas,Christine Tertiary Hospital,CHC,MoHS,,,
199,201,Northern,Bombali district,Arkansas,Cassandra hospital,CHP,MoHS,,,
200,202,Northern,Bombali district,Arkansas,Paul CHC,MCHP,MoHS,,,
201,203,Northern,Bombali district,Arkansas,Debra CHp,MCHP,MoHS,,,
202,204,Northern,Bombali district,Arkansas,Erika Regional Hospital,MCHP,MoHS,,,
203,205,Northern,Bombali district,Arkansas,Robert MCHP,CHP,MoHS,,,
204,206,Northern,Bombali district,Arkansas,Alexander Hospital/CHC,CHP,MoHS,,,
205,207,Northern,Bombali district,Arkansas,Bobby MCHP,CHP,MoHS,,,
206,208,Northern,Bombali district,Arkansas,Jessica hospital,MCHP,MoHS,,,
207,209,Northern,Bombali district,Arkansas,Elizabeth Tertiary Hospital,CHP,MoHS,,,
208,210,Northern,Bombali district,Arkansas,Richard hospital,MCHP,MoHS,,,
209,211,Northern,Bombali district,Arkansas,Kendra MCHP,Hospital,MoHS,,,
210,212,Northern,Bombali district,Arkansas,Lindsay Clinic,MCHP,MoHS,,,
211,213,Northern,Bombali district,Wyoming,Don CHp,MCHP,MoHS,,,
212,214,Northern,Bombali district,Wyoming,Don CHp,CHC,MoHS,,,
213,215,Northern,Bombali district,Wyoming,Kimberly CHP,MCHP,MoHS,,,
214,216,Northern,Bombali district,Minnesota,Tracy CHC,CHC,MoHS,,,
215,217,Northern,Bombali district,Minnesota,Brittany CHP,CHC,MoHS,,,
216,218,Northern,Bombali district,Minnesota,Joseph Regional Hospital,CHP,MoHS,,,
217,219,Northern,Bombali district,Minnesota,Steven hospital,MCHP,MoHS,,,
218,220,Northern,Bombali district,Minnesota,Dwayne CHP,CHP,MoHS,,,
219,221,Northern,Bombali district,Illinois,Randy Clinic,CHC,MoHS,,,
220,222,Northern,Bombali district,Illinois,Chad MCHP,CHP,MoHS,,,
221,223,Northern,Bombali district,Illinois,Andrew Clinic,CHP,MoHS,,,
222,224,Northern,Bombali district,Illinois,Johnny CHP,CHP,MoHS,,,
223,225,Northern,Bombali district,Illinois,Timothy CHp,CHP,MoHS,,,
224,226,Northern,Bombali district,Illinois,Margaret CHC,MCHP,MoHS,,,
225,227,Northern,Bombali district,Illinois,Jessica MCHP,MCHP,MoHS,,,
226,228,Northern,Bombali district,New Hampshire,Grace Hospital/CHC,CHC,MoHS,,,
227,229,Northern,Bombali district,New Hampshire,Kayla CHC,MCHP,MoHS,,,
228,230,Northern,Bombali district,New Hampshire,Joanna Tertiary Hospital,CHP,MoHS,,,
229,231,Northern,Bombali district,New Hampshire,Derrick Clinic,MCHP,MoHS,,,
230,232,Northern,Bombali district,New Hampshire,Debbie Hospital/CHC,CHP,MoHS,,,
231,233,Northern,Bombali district,New Hampshire,John hospital,MCHP,MoHS,,,
232,234,Northern,Bombali district,New Hampshire,Matthew Regional Hospital,CHP,MoHS,,,
233,235,Northern,Bombali district,New Hampshire,Stephanie Hospital/CHC,MCHP,MoHS,,,
234,236,Northern,Bombali district,New Hampshire,David CHP,CHP,MoHS,,,
235,237,Northern,Bombali district,New Hampshire,Erica CHP,CHP,MoHS,,,
236,238,Southern,Bonthe,Tennessee,Robert Hospital,CHC,MoHS,,,
237,239,Southern,Bonthe,North Carolina,Linda Tertiary Hospital,CHP,MoHS,,,
238,240,Southern,Bonthe,North Carolina,Heather hospital,MCHP,MoHS,,,
239,241,Southern,Bonthe,Vermont,Courtney hospital,CHP,MoHS,,,
240,242,Southern,Bonthe,Vermont,Melinda CHC,CHP,MoHS,,,
241,243,Southern,Bonthe,Vermont,Christopher Hospital/CHC,CHP,MoHS,,,
242,244,Southern,Bonthe,Wisconsin,Bobby hospital,CHP,MoHS,,,
243,245,Southern,Bonthe,Wisconsin,Catherine Tertiary Hospital,CHP,MoHS,,,
244,246,Southern,Bonthe,Wisconsin,John Clinic,CHP,MoHS,,,
245,247,Southern,Bonthe,Wisconsin,Jodi Regional Hospital,MCHP,MoHS,,,
246,248,Southern,Bonthe,Iowa,Jennifer Regional Hospital,Hospital,MoHS,,,
247,249,Southern,Bonthe,Kansas,Sara Regional Hospital,CHP,MoHS,,,
248,250,Southern,Bonthe,Maine,Thomas Clinic,CHC,MoHS,,,
249,251,Southern,Bonthe,Virginia,Noah Regional Hospital,CHP,MoHS,,,
250,252,Southern,Bonthe,Virginia,Darin CHC,CHP,MoHS,,,
251,253,Southern,Bonthe,Virginia,Kayla CHP,CHP,MoHS,,,
252,254,Southern,Bonthe,Virginia,Karen MCHP,MCHP,MoHS,,,
253,255,Southern,Bonthe,Virginia,Connie Hospital/CHC,MCHP,MoHS,,,
254,256,Southern,Bonthe,Vermont,Jacqueline MCHP,CHC,MoHS,,,
255,257,Southern,Bonthe,Vermont,Diane Hospital/CHC,CHP,MoHS,,,
256,258,Southern,Bonthe,Vermont,Donna Regional Hospital,CHP,MoHS,,,
257,259,Southern,Bonthe,Vermont,Gregory MCHP,CHP,MoHS,,,
258,260,Southern,Bonthe,Ohio,Heather Regional Hospital,Hospital,Private,,,
259,261,Southern,Bonthe,Florida,Richard MCHP,CHC,MoHS,,,
260,262,Southern,Bonthe,Florida,Paul Hospital/CHC,CHC,MoHS,,,
261,263,Southern,Bonthe,Texas,Susan CHC,CHC,MoHS,,,
262,264,Southern,Bonthe,Texas,Stacy Tertiary Hospital,CHC,MoHS,,,
263,265,Southern,Bonthe,Texas,Andrea CHp,CHP,MoHS,,,
264,266,Southern,Bonthe,Texas,Anthony MCHP,CHP,MoHS,,,
265,267,Southern,Bonthe,Texas,Brian Hospital,CHP,MoHS,,,
266,268,Southern,Bonthe,Texas,Alexandria CHP,MCHP,MoHS,,,
267,269,Southern,Bonthe,Texas,Joseph Tertiary Hospital,MCHP,MoHS,,,
268,270,Southern,Bonthe,Texas,Christian Hospital,MCHP,MoHS,,,
269,271,Southern,Bonthe,New Mexico,Matthew Hospital,Hospital,NGO,,,
270,272,Southern,Bonthe,Florida,Laura Tertiary Hospital,CHC,MoHS,,,
271,273,Southern,Bonthe,Florida,John CHP,CHC,MoHS,,,
272,274,Southern,Bonthe,Florida,Dorothy CHP,CHP,MoHS,,,
273,275,Southern,Bonthe,Florida,Amy Hospital/CHC,CHP,MoHS,,,
274,276,Southern,Bonthe,Florida,Jimmy Clinic,CHP,MoHS,,,
275,277,Southern,Bonthe,Florida,Tim CHC,CHP,MoHS,,,
276,278,Southern,Bonthe,Florida,Patrick Hospital,CHP,MoHS,,,
277,279,Southern,Bonthe,Florida,Michelle MCHP,CHP,MoHS,,,
278,280,Southern,Bonthe,Florida,Christopher Regional Hospital,MCHP,MoHS,,,
279,281,Southern,Bonthe,Florida,Theresa Clinic,MCHP,MoHS,,,
280,282,Southern,Bonthe,Florida,Rebecca CHp,MCHP,MoHS,,,
281,283,Southern,Bonthe,Florida,Cody hospital,MCHP,MoHS,,,
282,284,Southern,Bonthe,Florida,Jennifer CHC,MCHP,MoHS,,,
283,285,Southern,Bonthe,Maine,Brendan hospital,MCHP,MoHS,,,
284,286,Southern,Bonthe,Maine,Lindsay MCHP,MCHP,MoHS,,,
285,287,Southern,Bonthe,West Virginia,Shannon CHp,CHC,MoHS,,,
286,288,Southern,Bonthe,West Virginia,Robin Hospital,MCHP,MoHS,,,
287,289,Southern,Bonthe,West Virginia,Kristi Hospital/CHC,MCHP,MoHS,,,
288,290,Southern,Bonthe,Washington,Jessica Regional Hospital,CHP,MoHS,,,
289,291,Southern,Bonthe,Arkansas,Kara Hospital,CHC,MoHS,,,
290,292,Southern,Bonthe,Arkansas,Ryan Hospital,CHP,MoHS,,,
291,293,Southern,Bonthe,Arkansas,Kimberly Tertiary Hospital,CHP,MoHS,,,
292,294,Southern,Bonthe,Arkansas,Fernando Hospital,CHP,MoHS,,,
293,295,Southern,Bonthe,Arkansas,Blake hospital,CHP,MoHS,,,
294,296,Southern,Bonthe,Illinois,Emily CHp,CHC,MoHS,,,
295,297,Southern,Bonthe,Illinois,Erin MCHP,CHP,MoHS,,,
296,298,Southern,Bonthe,Illinois,Jason CHC,CHP,MoHS,,,
297,299,Southern,Bonthe,Illinois,Paul hospital,CHP,MoHS,,,
298,300,Southern,Bonthe,Illinois,Crystal CHC,CHP,MoHS,,,
299,301,Southern,Bonthe,Illinois,David Regional Hospital,CHP,MoHS,,,
300,302,Southern,Bonthe,Illinois,Eileen CHP,MCHP,MoHS,,,
301,303,Southern,Bonthe,Illinois,Christine CHP,MCHP,MoHS,,,
302,304,Southern,Bonthe,Illinois,Susan CHC,CHP,MoHS,,,
303,305,Southern,Bonthe,Illinois,Caleb CHp,CHP,MoHS,,,
304,306,Southern,Bonthe,Illinois,Dana hospital,CHP,MoHS,,,
305,307,Southern,Bonthe,Illinois,Cody CHP,MCHP,MoHS,,,
306,308,Southern,Bonthe,Illinois,Ashley Hospital/CHC,MCHP,MoHS,,,
307,309,Southern,Bonthe,Illinois,James hospital,MCHP,MoHS,,,
308,310,Southern,Bonthe,West Virginia,Sandra CHC,CHC,MoHS,,,
309,311,Southern,Bonthe,Texas,Brittany CHp,CHC,MoHS,,,
310,312,Southern,Bonthe,Maine,Pamela CHp,MCHP,MoHS,,,
311,313,Southern,Bonthe,Maine,Kathryn MCHP,MCHP,MoHS,,,
312,314,Southern,Bonthe,Alaska,Brett Hospital,CHP,MoHS,,,
313,315,Southern,Bonthe,Alaska,Paula CHP,MCHP,MoHS,,,
314,316,Southern,Bonthe,Mississippi,Eric CHP,CHP,MoHS,,,
315,317,Southern,Bonthe,Indiana,Tiffany Tertiary Hospital,CHC,MoHS,,,
316,318,Southern,Bonthe,Indiana,Sheila MCHP,MCHP,MoHS,,,
317,319,Southern,Bonthe,Texas,James CHP,MCHP,MoHS,,,
318,320,North-West,Falaba,Florida,Haley CHp,CHP,MoHS,,,
319,321,Southern,Falaba,Florida,Gregory MCHP,CHP,MoHS,,,
320,322,North-West,Falaba,Maine,Tracy Tertiary Hospital,CHP,MoHS,,,
321,323,North-West,Falaba,Maine,Roger Hospital/CHC,CHP,MoHS,,,
322,324,North-West,Falaba,Maine,Laura MCHP,MCHP,MoHS,,,
323,325,North-West,Falaba,Maine,Robert Regional Hospital,MCHP,MoHS,,,
324,326,North-West,Falaba,Indiana,Kendra CHP,CHC,MoHS,,,
325,327,North-West,Falaba,Indiana,Michelle Hospital/CHC,CHP,MoHS,,,
326,328,North-West,Falaba,Indiana,Anthony Tertiary Hospital,MCHP,MoHS,,,
327,329,North-West,Falaba,Indiana,Billy Regional Hospital,MCHP,MoHS,,,
328,330,North-West,Falaba,Alabama,Thomas Tertiary Hospital,CHC,MoHS,,,
329,331,North-West,Falaba,Alabama,Michael CHP,CHP,MoHS,,,
330,332,North-West,Falaba,Alabama,Erika Hospital/CHC,MCHP,MoHS,,,
331,333,North-West,Falaba,Oklahoma,David Clinic,CHP,MoHS,,,
332,334,North-West,Falaba,Oklahoma,Heidi Tertiary Hospital,CHP,MoHS,,,
333,335,North-West,Falaba,Oklahoma,Cynthia MCHP,MCHP,MoHS,,,
334,336,North-West,Falaba,Wyoming,Christopher CHC,MCHP,MoHS,,,
335,337,North-West,Falaba,Wyoming,Tiffany Clinic,MCHP,MoHS,,,
336,338,North-West,Falaba,Ohio,Vanessa CHC,CHP,MoHS,,,
337,339,North-West,Falaba,Ohio,Terry CHp,CHP,MoHS,,,
338,340,North-West,Falaba,Ohio,Frederick CHC,MCHP,MoHS,,,
339,341,North-West,Falaba,Ohio,Shannon CHC,MCHP,MoHS,,,
340,342,North-West,Falaba,North Dakota,Marcus CHC,CHP,MoHS,,,
341,343,North-West,Falaba,North Dakota,Megan Hospital/CHC,MCHP,MoHS,,,
342,344,North-West,Falaba,North Dakota,Dalton MCHP,MCHP,MoHS,,,
343,345,North-West,Falaba,Colorado,Regina hospital,CHC,MoHS,,,
344,346,North-West,Falaba,Colorado,Brian Hospital,CHP,MoHS,,,
345,347,North-West,Falaba,Colorado,James Hospital/CHC,MCHP,MoHS,,,
346,348,North-West,Falaba,Colorado,Catherine Tertiary Hospital,MCHP,MoHS,,,
347,349,North-West,Falaba,Colorado,Courtney CHP,MCHP,MoHS,,,
348,350,North-West,Falaba,Tennessee,Dana CHp,MCHP,MoHS,,,
349,351,North-West,Falaba,Tennessee,Elizabeth CHC,MCHP,MoHS,,,
350,352,North-West,Falaba,Tennessee,Trevor MCHP,MCHP,MoHS,,,
351,353,North-West,Falaba,Idaho,Kevin CHp,CHC,MoHS,,,
352,354,North-West,Falaba,Idaho,Edwin CHC,CHP,MoHS,,,
353,355,North-West,Falaba,Idaho,Ashley Clinic,MCHP,MoHS,,,
354,356,North-West,Falaba,Maine,Amy Hospital/CHC,MCHP,MoHS,,,
355,357,North-West,Falaba,Kentucky,Pamela Hospital,CHC,MoHS,,,
356,358,North-West,Falaba,Kentucky,Jeffrey CHC,CHP,MoHS,,,
357,359,North-West,Falaba,Kentucky,Henry hospital,MCHP,MoHS,,,
358,360,North-West,Falaba,Kentucky,Jaime Tertiary Hospital,MCHP,MoHS,,,
359,361,Eastern,Kailahun,Nebraska,Katie CHC,CHP,MoHS,,,
360,362,Eastern,Kailahun,Nebraska,Charles CHp,CHP,MoHS,,,
361,363,Eastern,Kailahun,Nebraska,Karen hospital,CHP,MoHS,,,
362,364,Eastern,Kailahun,Rhode Island,Bryan Tertiary Hospital,CHP,MoHS,,,
363,365,Eastern,Kailahun,Florida,Jocelyn Regional Hospital,CHC,MoHS,,,
364,366,Eastern,Kailahun,Florida,Robert hospital,CHP,MoHS,,,
365,367,Eastern,Kailahun,Florida,Raymond Hospital/CHC,CHP,MoHS,,,
366,368,Eastern,Kailahun,Florida,Kelly Hospital,CHP,MoHS,,,
367,369,Eastern,Kailahun,Florida,Christina Clinic,CHP,MoHS,,,
368,370,Eastern,Kailahun,Florida,Michael MCHP,CHP,MoHS,,,
369,371,Eastern,Kailahun,Florida,Samuel Clinic,Clinic,Private,,,
370,372,Eastern,Kailahun,Florida,Julie Hospital,MCHP,MoHS,,,
371,373,Eastern,Kailahun,Florida,Jessica Clinic,MCHP,MoHS,,,
372,374,Eastern,Kailahun,Connecticut,Nicholas Hospital,CHC,MoHS,,,
373,375,Eastern,Kailahun,Connecticut,Gerald Clinic,CHP,MoHS,,,
374,376,Eastern,Kailahun,Illinois,Nancy CHp,CHC,MoHS,,,
375,377,Eastern,Kailahun,Illinois,Ronald hospital,CHP,MoHS,,,
376,378,Eastern,Kailahun,Illinois,Nicole Regional Hospital,CHP,MoHS,,,
377,379,Eastern,Kailahun,Arkansas,Jennifer hospital,CHC,MoHS,,,
378,380,Eastern,Kailahun,Arkansas,Sheila CHP,CHP,MoHS,,,
379,381,Eastern,Kailahun,Arkansas,Jacob Regional Hospital,CHP,MoHS,,,
380,382,Eastern,Kailahun,Arkansas,Michelle Hospital,CHP,MoHS,,,
381,383,Eastern,Kailahun,Arkansas,Deborah CHp,CHP,MoHS,,,
382,384,Eastern,Kailahun,Arkansas,Oscar MCHP,MCHP,MoHS,,,
383,385,Eastern,Kailahun,Oklahoma,Edward MCHP,CHC,MoHS,,,
384,386,Eastern,Kailahun,Oklahoma,Lauren Hospital/CHC,CHP,MoHS,,,
385,387,Eastern,Kailahun,Oklahoma,Shawn Tertiary Hospital,CHP,MoHS,,,
386,388,Eastern,Kailahun,Oklahoma,Claire CHP,CHP,MoHS,,,
387,389,Eastern,Kailahun,Oklahoma,Kimberly CHP,CHP,MoHS,,,
388,390,Eastern,Kailahun,Oklahoma,Katrina Hospital/CHC,CHP,MoHS,,,
389,391,Eastern,Kailahun,Oklahoma,Larry hospital,CHP,MoHS,,,
390,392,Eastern,Kailahun,Oklahoma,Katrina Tertiary Hospital,CHP,MoHS,,,
391,393,Eastern,Kailahun,Oklahoma,Tina CHp,CHP,MoHS,,,
392,394,Eastern,Kailahun,Oklahoma,Daniel Tertiary Hospital,CHP,MoHS,,,
393,395,Eastern,Kailahun,Oklahoma,Jonathan Clinic,CHP,MoHS,,,
394,396,Eastern,Kailahun,Oklahoma,Kelsey Clinic,CHP,MoHS,,,
395,397,Eastern,Kailahun,Oklahoma,Jeanne MCHP,CHP,MoHS,,,
396,398,Eastern,Kailahun,Oklahoma,Jason MCHP,Hospital,MoHS,,,
397,399,Eastern,Kailahun,Oklahoma,Shelby hospital,MCHP,MoHS,,,
398,400,Eastern,Kailahun,Oklahoma,Sara CHp,MCHP,MoHS,,,
399,401,Eastern,Kailahun,Oklahoma,Rebecca Hospital,MCHP,MoHS,,,
400,402,Eastern,Kailahun,Oklahoma,David Hospital,MCHP,MoHS,,,
401,403,Eastern,Kailahun,Texas,Ryan CHp,CHC,MoHS,,,
402,404,Eastern,Kailahun,Texas,Jerry Tertiary Hospital,CHP,MoHS,,,
403,405,Eastern,Kailahun,Texas,Carol Hospital/CHC,CHP,MoHS,,,
404,406,Eastern,Kailahun,Texas,Kelly CHP,CHP,MoHS,,,
405,407,Eastern,Kailahun,Texas,Jeremy CHp,MCHP,MoHS,,,
406,408,Eastern,Kailahun,Rhode Island,Sara CHC,CHC,MoHS,,,
407,409,Eastern,Kailahun,Rhode Island,Casey Clinic,CHP,MoHS,,,
408,410,Eastern,Kailahun,Rhode Island,Alexandra Hospital,CHP,MoHS,,,
409,411,Eastern,Kailahun,Rhode Island,Felicia Hospital,CHP,MoHS,,,
410,412,Eastern,Kailahun,South Dakota,Briana hospital,CHC,MoHS,,,
411,413,Eastern,Kailahun,South Dakota,Jennifer hospital,CHC,MoHS,,,
412,414,Eastern,Kailahun,South Dakota,Justin MCHP,CHP,MoHS,,,
413,415,Eastern,Kailahun,South Dakota,Mary CHp,CHP,MoHS,,,
414,416,Eastern,Kailahun,South Dakota,Teresa Hospital/CHC,CHP,MoHS,,,
415,417,Eastern,Kailahun,South Dakota,Kathleen CHC,CHP,MoHS,,,
416,418,Eastern,Kailahun,South Dakota,Todd Clinic,CHP,MoHS,,,
417,419,Eastern,Kailahun,South Dakota,Stephanie CHC,CHP,MoHS,,,
418,420,Eastern,Kailahun,South Dakota,Anne CHP,Hospital,MoHS,,,
419,421,Eastern,Kailahun,South Dakota,Natalie hospital,Hospital,NGO,,,
420,422,Eastern,Kailahun,South Dakota,Brian CHC,MCHP,MoHS,,,
421,423,Eastern,Kailahun,South Dakota,Sarah MCHP,MCHP,MoHS,,,
422,424,Eastern,Kailahun,Texas,Carl CHp,CHC,MoHS,,,
423,425,Eastern,Kailahun,Texas,Lisa CHC,CHP,MoHS,,,
424,426,Eastern,Kailahun,Texas,Shelley hospital,CHP,MoHS,,,
425,427,Eastern,Kailahun,Texas,David Regional Hospital,CHP,MoHS,,,
426,428,Eastern,Kailahun,Texas,Michael CHC,MCHP,MoHS,,,
427,429,Eastern,Kailahun,Texas,Beth CHP,MCHP,MoHS,,,
428,430,Eastern,Kailahun,Louisiana,Donald CHC,CHC,MoHS,,,
429,431,Eastern,Kailahun,Louisiana,Margaret Tertiary Hospital,CHP,MoHS,,,
430,432,Eastern,Kailahun,Louisiana,Robin Clinic,CHP,MoHS,,,
431,433,Eastern,Kailahun,Louisiana,Kristopher Tertiary Hospital,CHP,MoHS,,,
432,434,Eastern,Kailahun,Louisiana,Emily hospital,Clinic,Private,,,
433,435,Eastern,Kailahun,Missouri,Michele CHp,CHC,MoHS,,,
434,436,Eastern,Kailahun,Missouri,Michael Regional Hospital,CHP,MoHS,,,
435,437,Eastern,Kailahun,Missouri,Brent Tertiary Hospital,CHP,MoHS,,,
436,438,Eastern,Kailahun,Missouri,Carrie Tertiary Hospital,CHP,MoHS,,,
437,439,Eastern,Kailahun,Tennessee,Brian Clinic,CHC,MoHS,,,
438,440,Eastern,Kailahun,Tennessee,Erica MCHP,CHP,MoHS,,,
439,441,Eastern,Kailahun,Tennessee,Kathy CHC,CHP,MoHS,,,
440,442,Eastern,Kailahun,Tennessee,Karen MCHP,CHP,MoHS,,,
441,443,Eastern,Kailahun,Tennessee,Jennifer Hospital,Clinic,Private,,,
442,444,Eastern,Kailahun,Tennessee,Michael hospital,MCHP,MoHS,,,
443,445,Eastern,Kailahun,Nebraska,Tanner Regional Hospital,CHC,MoHS,,,
444,446,Eastern,Kailahun,Nebraska,Shawn CHP,CHP,MoHS,,,
445,447,Eastern,Kailahun,Nebraska,Jordan Regional Hospital,CHP,MoHS,,,
446,448,Eastern,Kailahun,Nebraska,Carla Tertiary Hospital,CHP,MoHS,,,
447,449,Eastern,Kailahun,Nebraska,Bobby hospital,CHP,MoHS,,,
448,450,North-West,Kambia District,Texas,Shawn Clinic,CHC,MoHS,,,
449,451,North-West,Kambia District,Texas,Nichole CHC,MCHP,MoHS,,,
450,452,North-West,Kambia District,Texas,Cheryl MCHP,MCHP,MoHS,,,
451,453,North-West,Kambia District,Texas,Kylie Hospital,MCHP,MoHS,,,
452,454,North-West,Kambia District,Iowa,Debra MCHP,CHC,MoHS,,,
453,455,North-West,Kambia District,Iowa,Steven Hospital,MCHP,MoHS,,,
454,456,North-West,Kambia District,Idaho,Louis MCHP,CHC,MoHS,,,
455,457,North-West,Kambia District,Idaho,Heather CHp,CHP,MoHS,,,
456,458,North-West,Kambia District,Idaho,Julia CHC,Clinic,Private,,,
457,459,North-West,Kambia District,Idaho,Dustin Clinic,MCHP,MoHS,,,
458,460,North-West,Kambia District,Idaho,Kara CHp,MCHP,MoHS,,,
459,461,North-West,Kambia District,Missouri,John CHP,CHP,MoHS,,,
460,462,North-West,Kambia District,Missouri,Sarah CHp,MCHP,MoHS,,,
461,463,North-West,Kambia District,Connecticut,Julie Tertiary Hospital,CHC,MoHS,,,
462,464,North-West,Kambia District,Connecticut,Lance Clinic,CHP,MoHS,,,
463,465,North-West,Kambia District,Connecticut,Brittany Regional Hospital,CHP,MoHS,,,
464,466,North-West,Kambia District,Connecticut,Theresa CHP,CHP,MoHS,,,
465,467,North-West,Kambia District,Connecticut,Steven hospital,Clinic,MoHS,,,
466,468,North-West,Kambia District,Connecticut,Tyler CHC,Clinic,MoHS,,,
467,469,North-West,Kambia District,Connecticut,Ronald Hospital/CHC,Hospital,MoHS,,,
468,470,North-West,Kambia District,Connecticut,Tamara Hospital,MCHP,MoHS,,,
469,471,North-West,Kambia District,Connecticut,Michael CHC,MCHP,MoHS,,,
470,472,North-West,Kambia District,Connecticut,James Regional Hospital,MCHP,MoHS,,,
471,473,North-West,Kambia District,Connecticut,Jacqueline Tertiary Hospital,MCHP,MoHS,,,
472,474,North-West,Kambia District,Connecticut,Vanessa CHp,MCHP,MoHS,,,
473,475,North-West,Kambia District,Connecticut,Dustin CHP,MCHP,MoHS,,,
474,476,North-West,Kambia District,Connecticut,Selena Hospital,MCHP,MoHS,,,
475,477,North-West,Kambia District,Connecticut,Patricia hospital,MCHP,MoHS,,,
476,478,North-West,Kambia District,New Hampshire,Jeffrey CHP,CHC,MoHS,,,
477,479,North-West,Kambia District,New Hampshire,Jonathan MCHP,CHP,MoHS,,,
478,480,North-West,Kambia District,New Hampshire,Paige Hospital/CHC,CHP,MoHS,,,
479,481,North-West,Kambia District,New Hampshire,Shane hospital,MCHP,MoHS,,,
480,482,North-West,Kambia District,New Hampshire,Diane Regional Hospital,MCHP,MoHS,,,
481,483,North-West,Kambia District,New Hampshire,Katherine CHp,MCHP,MoHS,,,
482,484,North-West,Kambia District,New Hampshire,Joanna CHC,MCHP,MoHS,,,
483,485,North-West,Kambia District,New Hampshire,Todd hospital,MCHP,MoHS,,,
484,486,North-West,Kambia District,Indiana,Jeffrey hospital,CHC,MoHS,,,
485,487,North-West,Kambia District,Indiana,Jacob Regional Hospital,CHC,MoHS,,,
486,488,North-West,Kambia District,Indiana,Amber Hospital/CHC,MCHP,MoHS,,,
487,489,North-West,Kambia District,Nevada,Heather hospital,CHC,MoHS,,,
488,490,North-West,Kambia District,Nevada,Frank hospital,MCHP,MoHS,,,
489,491,North-West,Kambia District,Massachusetts,Tyler MCHP,CHC,MoHS,,,
490,492,North-West,Kambia District,Massachusetts,Phillip Clinic,CHC,MoHS,,,
491,493,North-West,Kambia District,Massachusetts,Shawn hospital,CHC,MoHS,,,
492,494,North-West,Kambia District,Massachusetts,Derrick MCHP,CHC,MoHS,,,
493,495,North-West,Kambia District,Massachusetts,Lori Tertiary Hospital,CHP,MoHS,,,
494,496,North-West,Kambia District,Massachusetts,Deborah CHC,CHP,MoHS,,,
495,497,North-West,Kambia District,Massachusetts,Michael Hospital,CHP,MoHS,,,
496,498,North-West,Kambia District,Massachusetts,Shannon hospital,MCHP,MoHS,,,
497,499,North-West,Kambia District,Massachusetts,Vanessa Tertiary Hospital,MCHP,MoHS,,,
498,500,North-West,Kambia District,Massachusetts,Jesse Clinic,MCHP,MoHS,,,
499,501,North-West,Kambia District,Massachusetts,Maria Clinic,MCHP,MoHS,,,
500,502,North-West,Kambia District,Massachusetts,Brian CHC,MCHP,MoHS,,,
501,503,North-West,Kambia District,Massachusetts,Sarah Hospital/CHC,MCHP,MoHS,,,
502,504,North-West,Kambia District,Hawaii,Ann Regional Hospital,CHC,MoHS,,,
503,505,North-West,Kambia District,Hawaii,Sandra Hospital,CHC,MoHS,,,
504,506,North-West,Kambia District,Hawaii,Jordan Hospital/CHC,CHP,MoHS,,,
505,507,North-West,Kambia District,Hawaii,Ann Clinic,CHP,MoHS,,,
506,508,North-West,Kambia District,Hawaii,Billy CHp,CHP,MoHS,,,
507,509,North-West,Kambia District,Hawaii,Kayla Regional Hospital,CHP,MoHS,,,
508,510,North-West,Kambia District,Hawaii,Jessica Hospital,CHP,MoHS,,,
509,511,North-West,Kambia District,Hawaii,Sarah CHP,CHP,MoHS,,,
510,512,North-West,Kambia District,Hawaii,Patrick CHC,Clinic,NGO,,,
511,513,North-West,Kambia District,Hawaii,Connor Clinic,MCHP,MoHS,,,
512,514,North-West,Kambia District,Hawaii,Kathy CHP,MCHP,MoHS,,,
513,515,North-West,Kambia District,Hawaii,Tyrone hospital,MCHP,MoHS,,,
514,516,North-West,Kambia District,Hawaii,Charles CHp,MCHP,MoHS,,,
515,517,North-West,Kambia District,Hawaii,Albert Hospital,MCHP,MoHS,,,
516,518,North-West,Kambia District,Hawaii,Frank Hospital,MCHP,MoHS,,,
517,519,North-West,Kambia District,Hawaii,James CHP,MCHP,MoHS,,,
518,520,North-West,Kambia District,Hawaii,Charles Hospital/CHC,MCHP,MoHS,,,
519,521,Northern,Karene,Pennsylvania,Adam Hospital,CHC,MoHS,,,
520,522,Northern,Karene,Pennsylvania,Terri CHP,CHP,MoHS,,,
521,523,Northern,Karene,Pennsylvania,Leslie CHP,CHP,MoHS,,,
522,524,Northern,Karene,Pennsylvania,Denise hospital,MCHP,MoHS,,,
523,525,Northern,Karene,Pennsylvania,Christopher Regional Hospital,MCHP,MoHS,,,
524,526,Northern,Karene,Pennsylvania,Rodney Tertiary Hospital,MCHP,MoHS,,,
525,527,Northern,Karene,Pennsylvania,Kevin Hospital,MCHP,MoHS,,,
526,528,Northern,Karene,Pennsylvania,Kenneth Regional Hospital,MCHP,MoHS,,,
527,529,Northern,Karene,Pennsylvania,Alexis CHP,MCHP,MoHS,,,
528,530,Northern,Karene,Florida,Eric Tertiary Hospital,CHC,MoHS,,,
529,531,Northern,Karene,Florida,Marilyn CHp,CHP,MoHS,,,
530,532,Northern,Karene,Florida,Grace hospital,MCHP,MoHS,,,
531,533,Northern,Karene,Florida,Jill Tertiary Hospital,MCHP,MoHS,,,
532,534,Northern,Karene,Florida,Amanda CHC,MCHP,MoHS,,,
533,535,Northern,Karene,Michigan,Andrew Regional Hospital,CHP,MoHS,,,
534,536,Northern,Karene,Michigan,Corey MCHP,CHP,MoHS,,,
535,537,Northern,Karene,Michigan,John Hospital,MCHP,MoHS,,,
536,538,Northern,Karene,Michigan,Isaac hospital,MCHP,MoHS,,,
537,539,Northern,Karene,Michigan,Ryan Clinic,MCHP,MoHS,,,
538,540,Northern,Karene,Iowa,Patricia hospital,CHC,MoHS,,,
539,541,Northern,Karene,Iowa,Dawn CHC,CHP,MoHS,,,
540,542,Northern,Karene,Iowa,Christina CHC,MCHP,MoHS,,,
541,543,Northern,Karene,Iowa,Stephen CHP,MCHP,MoHS,,,
542,544,Northern,Karene,Iowa,Joseph Hospital/CHC,MCHP,MoHS,,,
543,545,Northern,Karene,Iowa,Tyler Hospital,MCHP,MoHS,,,
544,546,Northern,Karene,Nebraska,Glen CHp,CHP,MoHS,,,
545,547,Northern,Karene,Rhode Island,Devon CHP,CHC,MoHS,,,
546,548,Northern,Karene,Rhode Island,Vanessa Hospital/CHC,CHP,MoHS,,,
547,549,Northern,Karene,Rhode Island,Shawn CHP,CHP,MoHS,,,
548,550,Northern,Karene,Rhode Island,Brian CHp,MCHP,MoHS,,,
549,551,Northern,Karene,Rhode Island,Michele Hospital,MCHP,MoHS,,,
550,552,Northern,Karene,Rhode Island,Kenneth Regional Hospital,MCHP,MoHS,,,
551,553,Northern,Karene,Rhode Island,Thomas CHp,MCHP,MoHS,,,
552,554,Northern,Karene,Virginia,Michelle Hospital,CHC,MoHS,,,
553,555,Northern,Karene,Virginia,Aaron Tertiary Hospital,CHP,MoHS,,,
554,556,Northern,Karene,Virginia,James CHP,MCHP,MoHS,,,
555,557,Northern,Karene,Virginia,Morgan MCHP,MCHP,MoHS,,,
556,558,Northern,Karene,Virginia,Thomas CHP,MCHP,MoHS,,,
557,559,Northern,Karene,New York,Barry Tertiary Hospital,CHC,MoHS,,,
558,560,Northern,Karene,New York,Marie Clinic,CHC,MoHS,,,
559,561,Northern,Karene,New York,Laura Hospital/CHC,CHC,MoHS,,,
560,562,Northern,Karene,New York,Glenda Regional Hospital,MCHP,MoHS,,,
561,563,Northern,Karene,New York,David CHC,MCHP,MoHS,,,
562,564,Northern,Karene,New York,Robert Hospital,MCHP,MoHS,,,
563,565,Northern,Karene,Kentucky,David CHP,CHC,MoHS,,,
564,566,Northern,Karene,Kentucky,Virginia CHC,CHP,MoHS,,,
565,567,Northern,Karene,Kentucky,Thomas Hospital/CHC,CHP,MoHS,,,
566,568,Northern,Karene,Kentucky,Latoya hospital,CHP,MoHS,,,
567,569,Northern,Karene,Kentucky,Katie Tertiary Hospital,Hospital,NGO,,,
568,570,Northern,Karene,Kentucky,Daniel Clinic,MCHP,MoHS,,,
569,571,Northern,Karene,Kentucky,Michael Hospital,MCHP,MoHS,,,
570,572,Northern,Karene,Kentucky,Tiffany CHC,MCHP,MoHS,,,
571,573,Northern,Karene,Kentucky,Audrey MCHP,MCHP,MoHS,,,
572,574,Northern,Karene,West Virginia,Erin Hospital,CHC,MoHS,,,
573,575,Northern,Karene,West Virginia,Nicole hospital,CHP,MoHS,,,
574,576,Northern,Karene,West Virginia,Katherine Hospital,MCHP,MoHS,,,
575,577,Northern,Karene,West Virginia,Douglas Regional Hospital,MCHP,MoHS,,,
576,578,Eastern,Kenema,Washington,Mark CHp,CHC,MoHS,,,
577,579,Eastern,Kenema,Washington,Michael Regional Hospital,CHP,MoHS,,,
578,580,Eastern,Kenema,Washington,Natalie hospital,CHP,MoHS,,,
579,581,Eastern,Kenema,Washington,Lauren CHp,CHP,MoHS,,,
580,582,Eastern,Kenema,Washington,Angela CHP,CHP,MoHS,,,
581,583,Eastern,Kenema,Washington,Beverly Regional Hospital,MCHP,MoHS,,,
582,584,Eastern,Kenema,Washington,Yvonne MCHP,MCHP,MoHS,,,
583,585,Eastern,Kenema,Washington,Kevin Tertiary Hospital,MCHP,MoHS,,,
584,586,Eastern,Kenema,Washington,Thomas Clinic,MCHP,MoHS,,,
585,587,Eastern,Kenema,Washington,Andrew Regional Hospital,MCHP,MoHS,,,
586,588,Eastern,Kenema,Washington,Aaron Tertiary Hospital,MCHP,MoHS,,,
587,589,Eastern,Kenema,Washington,Jason MCHP,MCHP,MoHS,,,
588,590,Eastern,Kenema,Indiana,Gregory Hospital/CHC,CHC,MoHS,,,
589,591,Eastern,Kenema,Indiana,Corey Clinic,CHP,MoHS,,,
590,592,Eastern,Kenema,Indiana,Shirley Clinic,CHP,MoHS,,,
591,593,Eastern,Kenema,Indiana,James hospital,MCHP,MoHS,,,
592,594,Eastern,Kenema,Connecticut,Virginia CHp,CHC,MoHS,,,
593,595,Eastern,Kenema,Connecticut,Angela CHp,CHP,MoHS,,,
594,596,Eastern,Kenema,Connecticut,James Tertiary Hospital,CHP,MoHS,,,
595,597,Eastern,Kenema,Connecticut,Sandra Clinic,CHP,MoHS,,,
596,598,Eastern,Kenema,Connecticut,Shelby CHC,MCHP,MoHS,,,
597,599,Eastern,Kenema,Connecticut,Katrina Hospital/CHC,MCHP,MoHS,,,
598,600,Eastern,Kenema,Connecticut,Keith hospital,MCHP,MoHS,,,
599,601,Eastern,Kenema,Connecticut,Renee MCHP,MCHP,MoHS,,,
600,602,Eastern,Kenema,South Dakota,Richard Clinic,CHC,MoHS,,,
601,603,Eastern,Kenema,South Dakota,Brooke Tertiary Hospital,CHC,MoHS,,,
602,604,Eastern,Kenema,South Dakota,Benjamin MCHP,CHP,MoHS,,,
603,605,Eastern,Kenema,South Dakota,Nathan Hospital,CHP,MoHS,,,
604,606,Eastern,Kenema,South Dakota,Jonathan CHP,CHP,MoHS,,,
605,607,Eastern,Kenema,South Dakota,Harold Hospital/CHC,CHP,MoHS,,,
606,608,Eastern,Kenema,Virginia,Ryan hospital,CHC,MoHS,,,
607,609,Eastern,Kenema,Virginia,Melissa CHp,CHC,MoHS,,,
608,610,Eastern,Kenema,Virginia,Nicholas MCHP,CHP,MoHS,,,
609,611,Eastern,Kenema,Virginia,Jesse MCHP,MCHP,MoHS,,,
610,612,Eastern,Kenema,Virginia,Travis Clinic,MCHP,MoHS,,,
611,613,Eastern,Kenema,South Carolina,David Tertiary Hospital,CHC,MoHS,,,
612,614,Eastern,Kenema,South Carolina,Amanda Clinic,CHP,MoHS,,,
613,615,Eastern,Kenema,South Carolina,Matthew MCHP,CHP,MoHS,,,
614,616,Eastern,Kenema,South Carolina,Angel Regional Hospital,MCHP,MoHS,,,
615,617,Eastern,Kenema,South Carolina,Christopher Hospital/CHC,MCHP,MoHS,,,
616,618,Eastern,Kenema,South Carolina,James Hospital/CHC,MCHP,MoHS,,,
617,619,Eastern,Kenema,Tennessee,Leah CHp,CHP,MoHS,,,
618,620,Eastern,Kenema,Tennessee,Allen CHp,MCHP,MoHS,,,
619,621,Eastern,Kenema,Washington,Christie MCHP,CHC,MoHS,,,
620,622,Eastern,Kenema,Washington,Michael Regional Hospital,CHC,MoHS,,,
621,623,Eastern,Kenema,Washington,Megan MCHP,Hospital/CHC,Faith Based/MOHS,,,
622,624,Eastern,Kenema,Washington,Todd Regional Hospital,CHC,MoHS,,,
623,625,Eastern,Kenema,Washington,Jennifer Hospital/CHC,CHC,MoHS,,,
624,626,Eastern,Kenema,Washington,Stephanie MCHP,CHP,MoHS,,,
625,627,Eastern,Kenema,Washington,Susan Clinic,CHP,MoHS,,,
626,628,Eastern,Kenema,Washington,Austin Hospital/CHC,CHP,MoHS,,,
627,629,Eastern,Kenema,Washington,Fernando Hospital/CHC,CHP,MoHS,,,
628,630,Eastern,Kenema,Washington,Brandon CHp,CHP,MoHS,,,
629,631,Eastern,Kenema,Washington,Carrie CHC,MCHP,MoHS,,,
630,632,Eastern,Kenema,Washington,Duane MCHP,MCHP,MoHS,,,
631,633,Eastern,Kenema,Washington,Stephanie CHP,MCHP,MoHS,,,
632,634,Eastern,Kenema,Washington,Jessica CHp,MCHP,MoHS,,,
633,635,Eastern,Kenema,Washington,Lisa Regional Hospital,MCHP,MoHS,,,
634,636,Eastern,Kenema,Washington,Lisa CHp,MCHP,MoHS,,,
635,637,Eastern,Kenema,Washington,April CHC,MCHP,MoHS,,,
636,638,Eastern,Kenema,Washington,Elaine Hospital/CHC,MCHP,MoHS,,,
637,639,Eastern,Kenema,Washington,Marc hospital,MCHP,MoHS,,,
638,640,Eastern,Kenema,Washington,Morgan MCHP,MCHP,MoHS,,,
639,641,Eastern,Kenema,Wyoming,Robert Hospital,CHC,MoHS,,,
640,642,Eastern,Kenema,Wyoming,Kimberly Hospital,CHP,MoHS,,,
641,643,Eastern,Kenema,Wyoming,Jake Regional Hospital,MCHP,MoHS,,,
642,644,Eastern,Kenema,Wyoming,Dustin CHP,MCHP,MoHS,,,
643,645,Eastern,Kenema,Connecticut,Darius MCHP,CHC,MoHS,,,
644,646,Eastern,Kenema,Connecticut,Carrie Regional Hospital,CHP,MoHS,,,
645,647,Eastern,Kenema,Connecticut,Steven CHC,MCHP,MoHS,,,
646,648,Eastern,Kenema,South Carolina,Lauren Regional Hospital,CHC,MoHS,,,
647,649,Eastern,Kenema,South Carolina,Juan Tertiary Hospital,CHC,MoHS,,,
648,650,Eastern,Kenema,South Carolina,Candice CHC,CHC,MoHS,,,
649,651,Eastern,Kenema,South Carolina,Tiffany MCHP,CHC,MoHS,,,
650,652,Eastern,Kenema,South Carolina,Alyssa CHp,CHC,MoHS,,,
651,653,Eastern,Kenema,South Carolina,Mary Hospital/CHC,CHC,MoHS,,,
652,654,Eastern,Kenema,South Carolina,Bethany CHp,Regional Hospital,MoHS,,,
653,655,Eastern,Kenema,South Carolina,Laura Hospital,CHC,MoHS,,,
654,656,Eastern,Kenema,South Carolina,Tiffany Tertiary Hospital,CHC,MoHS,,,
655,657,Eastern,Kenema,South Carolina,Scott CHP,CHP,MoHS,,,
656,658,Eastern,Kenema,South Carolina,Eugene CHC,Clinic,MoHS,,,
657,659,Eastern,Kenema,South Carolina,Charles CHP,Clinic,MoHS,,,
658,660,Eastern,Kenema,South Carolina,Charles MCHP,Clinic,MoHS,,,
659,661,Eastern,Kenema,South Carolina,Denise CHP,MCHP,MoHS,,,
660,662,Eastern,Kenema,South Carolina,Cathy Hospital/CHC,MCHP,MoHS,,,
661,663,Eastern,Kenema,South Carolina,Dawn MCHP,MCHP,MoHS,,,
662,664,Eastern,Kenema,South Carolina,Michael Clinic,MCHP,MoHS,,,
663,665,Eastern,Kenema,South Carolina,Charles Hospital,MCHP,MoHS,,,
664,666,Eastern,Kenema,South Carolina,Zachary CHP,MCHP,MoHS,,,
665,667,Eastern,Kenema,South Carolina,Christopher Regional Hospital,MCHP,MoHS,,,
666,668,Eastern,Kenema,South Carolina,Franklin CHp,MCHP,MoHS,,,
667,669,Eastern,Kenema,South Carolina,Michael CHC,MCHP,MoHS,,,
668,670,Eastern,Kenema,South Carolina,Catherine CHC,MCHP,MoHS,,,
669,671,Eastern,Kenema,South Carolina,Maria Hospital/CHC,MCHP,MoHS,,,
670,672,Eastern,Kenema,South Carolina,Angie CHp,MCHP,MoHS,,,
671,673,Eastern,Kenema,South Carolina,Jason CHP,MCHP,MoHS,,,
672,674,Eastern,Kenema,South Carolina,Jonathan Hospital/CHC,MCHP,MoHS,,,
673,675,Eastern,Kenema,South Carolina,Kathryn Hospital,MCHP,MoHS,,,
674,676,Eastern,Kenema,South Carolina,Ashley CHP,MCHP,MoHS,,,
675,677,Eastern,Kenema,South Carolina,Oscar Regional Hospital,MCHP,MoHS,,,
676,678,Eastern,Kenema,South Carolina,Carrie Regional Hospital,MCHP,MoHS,,,
677,679,Eastern,Kenema,South Carolina,Andrew Clinic,MCHP,MoHS,,,
678,680,Eastern,Kenema,South Carolina,Danielle Tertiary Hospital,MCHP,MoHS,,,
679,681,Eastern,Kenema,South Carolina,Jay CHp,MCHP,MoHS,,,
680,682,Eastern,Kenema,Alaska,Richard hospital,CHC,MoHS,,,
681,683,Eastern,Kenema,Alaska,Joy CHC,MCHP,MoHS,,,
682,684,Eastern,Kenema,Nevada,Rachel Hospital/CHC,CHC,MoHS,,,
683,685,Eastern,Kenema,Nevada,Dustin Hospital,CHC,MoHS,,,
684,686,Eastern,Kenema,Nevada,Lonnie CHC,CHP,MoHS,,,
685,687,Eastern,Kenema,Nevada,Angela Tertiary Hospital,CHP,MoHS,,,
686,688,Eastern,Kenema,Nevada,Stephen hospital,MCHP,MoHS,,,
687,689,Eastern,Kenema,Nevada,Charles Regional Hospital,MCHP,MoHS,,,
688,690,Eastern,Kenema,Nevada,Alexander CHC,MCHP,MoHS,,,
689,691,Eastern,Kenema,Tennessee,Wayne Tertiary Hospital,CHC,MoHS,,,
690,692,Eastern,Kenema,Tennessee,Jonathan Regional Hospital,CHC,MoHS,,,
691,693,Eastern,Kenema,Tennessee,Hannah hospital,CHP,MoHS,,,
692,694,Eastern,Kenema,Tennessee,Frances Clinic,CHP,MoHS,,,
693,695,Eastern,Kenema,Tennessee,Adrian hospital,CHP,MoHS,,,
694,696,Eastern,Kenema,Tennessee,Cassidy hospital,CHP,MoHS,,,
695,697,Eastern,Kenema,Tennessee,David Hospital/CHC,CHP,MoHS,,,
696,698,Eastern,Kenema,Tennessee,Earl CHC,MCHP,MoHS,,,
697,699,Eastern,Kenema,Oregon,Carla Hospital,CHC,MoHS,,,
698,700,Eastern,Kenema,Oregon,Bradley Hospital/CHC,CHP,MoHS,,,
699,701,Eastern,Kenema,Oregon,Robert hospital,MCHP,MoHS,,,
700,702,Eastern,Kenema,Oregon,Robert CHp,MCHP,MoHS,,,
701,703,Northern,Koinadugu,Kansas,Kristin Hospital,CHC,MoHS,,,
702,704,Northern,Koinadugu,Kansas,Patricia CHP,CHP,MoHS,,,
703,705,Northern,Koinadugu,Kansas,Paul CHp,CHP,MoHS,,,
704,706,Northern,Koinadugu,Kansas,Mark CHC,CHP,MoHS,,,
705,707,Northern,Koinadugu,Kansas,Charles Regional Hospital,CHP,MoHS,,,
706,708,Northern,Koinadugu,Kansas,Michael CHC,CHP,MoHS,,,
707,709,Northern,Koinadugu,Kansas,Randy CHC,MCHP,MoHS,,,
708,710,Northern,Koinadugu,Kansas,John Clinic,MCHP,MoHS,,,
709,711,Northern,Koinadugu,Kansas,Stephen MCHP,MCHP,MoHS,,,
710,712,Northern,Koinadugu,Kansas,Nicole Hospital,MCHP,MoHS,,,
711,713,Northern,Koinadugu,Kansas,Shannon Hospital,MCHP,MoHS,,,
712,714,Northern,Koinadugu,Kansas,James Hospital,CHP,MoHS,,,
713,715,Northern,Koinadugu,Kansas,Jeffrey CHC,CHP,MoHS,,,
714,716,Northern,Koinadugu,West Virginia,George hospital,CHP,MoHS,,,
715,717,Northern,Koinadugu,West Virginia,Charles Regional Hospital,CHP,MoHS,,,
716,718,Northern,Koinadugu,Connecticut,Kristen Tertiary Hospital,CHP,MoHS,,,
717,719,Northern,Koinadugu,Connecticut,Cassandra Tertiary Hospital,MCHP,MoHS,,,
718,720,Northern,Koinadugu,Wyoming,Joel CHC,CHC,MoHS,,,
719,721,Northern,Koinadugu,Wyoming,John CHC,CHP,MoHS,,,
720,722,Northern,Koinadugu,Wyoming,Robin Hospital,MCHP,MoHS,,,
721,723,Northern,Koinadugu,New Jersey,Matthew hospital,CHC,MoHS,,,
722,724,Northern,Koinadugu,New Jersey,Kristen hospital,CHP,MoHS,,,
723,725,Northern,Koinadugu,New Jersey,Jennifer Hospital,CHP,MoHS,,,
724,726,Northern,Koinadugu,New Jersey,Catherine Regional Hospital,CHP,MoHS,,,
725,727,Northern,Koinadugu,New Jersey,Rachel Hospital/CHC,CHP,MoHS,,,
726,728,Northern,Koinadugu,New Jersey,Sarah Hospital,MCHP,MoHS,,,
727,729,Northern,Koinadugu,New Jersey,Laura CHP,MCHP,MoHS,,,
728,730,Northern,Koinadugu,New Jersey,Shelia MCHP,MCHP,MoHS,,,
729,731,Northern,Koinadugu,New Jersey,James Regional Hospital,MCHP,MoHS,,,
730,732,Northern,Koinadugu,Wisconsin,Clinton Hospital,CHC,MoHS,,,
731,733,Northern,Koinadugu,Wisconsin,Daniel Tertiary Hospital,CHP,MoHS,,,
732,734,Northern,Koinadugu,Wisconsin,Timothy Tertiary Hospital,Clinic,Private,,,
733,735,Northern,Koinadugu,Wisconsin,Bobby hospital,Clinic,NGO,,,
734,736,Northern,Koinadugu,Wisconsin,Jennifer MCHP,MCHP,MoHS,,,
735,737,Northern,Koinadugu,Wisconsin,Brian Clinic,MCHP,MoHS,,,
736,738,Northern,Koinadugu,California,Jackson Hospital/CHC,CHP,MoHS,,,
737,739,Northern,Koinadugu,California,Bobby Regional Hospital,MCHP,MoHS,,,
738,740,Northern,Koinadugu,Michigan,Heather MCHP,CHC,MoHS,,,
739,741,Northern,Koinadugu,Michigan,James Tertiary Hospital,MCHP,MoHS,,,
740,742,Northern,Koinadugu,Michigan,Amy Hospital,MCHP,MoHS,,,
741,743,Northern,Koinadugu,Michigan,Kayla Clinic,MCHP,MoHS,,,
742,744,Northern,Koinadugu,Michigan,Regina Tertiary Hospital,MCHP,MoHS,,,
743,745,Northern,Koinadugu,Massachusetts,Alexa Hospital/CHC,CHC,MoHS,,,
744,746,Northern,Koinadugu,Massachusetts,Tricia CHp,CHP,MoHS,,,
745,747,Northern,Koinadugu,Massachusetts,Ross CHP,CHP,MoHS,,,
746,748,Northern,Koinadugu,Massachusetts,Cindy Hospital/CHC,CHP,MoHS,,,
747,749,Northern,Koinadugu,Massachusetts,Charles hospital,Clinic,Private,,,
748,750,Northern,Koinadugu,Massachusetts,Jennifer Hospital/CHC,Hospital,MoHS,,,
749,751,Northern,Koinadugu,Massachusetts,Daniel Clinic,MCHP,MoHS,,,
750,752,Northern,Koinadugu,Massachusetts,Jared CHP,MCHP,MoHS,,,
751,753,Eastern,Kono District,Missouri,Emily Hospital/CHC,CHC,MoHS,,,
752,754,Eastern,Kono District,Missouri,Brandi Regional Hospital,CHP,MoHS,,,
753,755,Eastern,Kono District,Missouri,Sean CHC,CHP,MoHS,,,
754,756,Eastern,Kono District,Missouri,Ryan CHC,MCHP,MoHS,,,
755,757,Eastern,Kono District,Missouri,Kayla hospital,MCHP,MoHS,,,
756,758,Eastern,Kono District,Maryland,Greg Hospital,CHC,MoHS,,,
757,759,Eastern,Kono District,Maryland,Kim MCHP,CHP,MoHS,,,
758,760,Eastern,Kono District,Maryland,Hayden CHP,CHP,MoHS,,,
759,761,Eastern,Kono District,Maryland,Chelsea MCHP,CHP,MoHS,,,
760,762,Eastern,Kono District,Maryland,Arthur Hospital/CHC,MCHP,MoHS,,,
761,763,Eastern,Kono District,Maryland,Matthew hospital,MCHP,MoHS,,,
762,764,Eastern,Kono District,Maryland,Claudia Regional Hospital,MCHP,MoHS,,,
763,765,Eastern,Kono District,California,Amy Hospital/CHC,CHC,MoHS,,,
764,766,Eastern,Kono District,California,Patrick CHC,MCHP,MoHS,,,
765,767,Eastern,Kono District,New Jersey,Susan CHC,CHP,MoHS,,,
766,768,Eastern,Kono District,New Jersey,Katelyn Hospital/CHC,CHP,MoHS,,,
767,769,Eastern,Kono District,New Jersey,Robert CHP,CHP,MoHS,,,
768,770,Eastern,Kono District,New Jersey,Tammy CHC,CHP,MoHS,,,
769,771,Eastern,Kono District,New Jersey,Derek Regional Hospital,CHP,MoHS,,,
770,772,Eastern,Kono District,New Jersey,Joel CHC,Clinic,MoHS,,,
771,773,Eastern,Kono District,New Jersey,Elizabeth CHP,Hospital,MoHS,,,
772,774,Eastern,Kono District,New Jersey,Jay hospital,MCHP,MoHS,,,
773,775,Eastern,Kono District,New Jersey,Jose hospital,MCHP,MoHS,,,
774,776,Eastern,Kono District,New Jersey,Julia hospital,MCHP,MoHS,,,
775,777,Eastern,Kono District,New Jersey,Brenda Hospital,MCHP,MoHS,,,
776,778,Eastern,Kono District,Kentucky,Hannah Clinic,CHC,MoHS,,,
777,779,Eastern,Kono District,Kentucky,Jonathan CHP,CHP,MoHS,,,
778,780,Eastern,Kono District,Kentucky,Rachel MCHP,CHP,MoHS,,,
779,781,Eastern,Kono District,Kentucky,Shawn hospital,MCHP,MoHS,,,
780,782,Eastern,Kono District,Mississippi,Craig CHC,CHC,MoHS,,,
781,783,Eastern,Kono District,Mississippi,Yvette CHp,CHP,MoHS,,,
782,784,Eastern,Kono District,Mississippi,Kayla Hospital,CHP,MoHS,,,
783,785,Eastern,Kono District,Mississippi,Amy Hospital/CHC,MCHP,MoHS,,,
784,786,Eastern,Kono District,Nebraska,Brenda CHP,CHC,MoHS,,,
785,787,Eastern,Kono District,Nebraska,Jesse CHp,CHP,MoHS,,,
786,788,Eastern,Kono District,Nebraska,Jonathan Regional Hospital,CHP,MoHS,,,
787,789,Eastern,Kono District,Nebraska,James Hospital,MCHP,MoHS,,,
788,790,Eastern,Kono District,Nebraska,Susan Tertiary Hospital,MCHP,MoHS,,,
789,791,Eastern,Kono District,Nebraska,Sara CHp,MCHP,MoHS,,,
790,792,Eastern,Kono District,Nebraska,Dustin Hospital/CHC,MCHP,MoHS,,,
791,793,Eastern,Kono District,Nebraska,Kelli hospital,MCHP,MoHS,,,
792,794,Eastern,Kono District,Alaska,Jonathan Regional Hospital,CHP,MoHS,,,
793,795,Eastern,Kono District,Colorado,James CHP,MCHP,MoHS,,,
794,796,Eastern,Kono District,Colorado,Joseph CHp,MCHP,MoHS,,,
795,797,Eastern,Kono District,New Mexico,Michael Regional Hospital,CHC,MoHS,,,
796,798,Eastern,Kono District,New Mexico,Anthony Tertiary Hospital,CHC,MoHS,,,
797,799,Eastern,Kono District,New Mexico,Adriana Regional Hospital,CHC,MoHS,,,
798,800,Eastern,Kono District,New Mexico,Alec Hospital,CHC,MoHS,,,
799,801,Eastern,Kono District,New Mexico,Angelica Clinic,CHC,MoHS,,,
800,802,Eastern,Kono District,New Mexico,James CHP,CHC,MoHS,,,
801,803,Eastern,Kono District,New Mexico,Amy CHP,CHP,MoHS,,,
802,804,Eastern,Kono District,New Mexico,Jeremy MCHP,Clinic,NGO,,,
803,805,Eastern,Kono District,New Mexico,Stephanie Clinic,MCHP,MoHS,,,
804,806,Eastern,Kono District,New Mexico,Mason Hospital,MCHP,MoHS,,,
805,807,Eastern,Kono District,New Mexico,Jill CHP,MCHP,MoHS,,,
806,808,Eastern,Kono District,New Mexico,Michael Tertiary Hospital,MCHP,MoHS,,,
807,809,Eastern,Kono District,New Mexico,David hospital,MCHP,MoHS,,,
808,810,Eastern,Kono District,New Mexico,Karen hospital,MCHP,MoHS,,,
809,811,Eastern,Kono District,New Jersey,Travis Regional Hospital,CHC,MoHS,,,
810,812,Eastern,Kono District,New Jersey,Thomas CHC,CHP,MoHS,,,
811,813,Eastern,Kono District,New Jersey,Sarah Regional Hospital,CHP,MoHS,,,
812,814,Eastern,Kono District,New Jersey,Douglas Clinic,MCHP,MoHS,,,
813,815,Eastern,Kono District,New Jersey,Thomas Hospital/CHC,MCHP,MoHS,,,
814,816,Eastern,Kono District,New Jersey,Cody CHP,MCHP,MoHS,,,
815,817,Eastern,Kono District,New Jersey,Paul CHp,MCHP,MoHS,,,
816,818,Eastern,Kono District,Idaho,William hospital,CHC,MoHS,,,
817,819,Eastern,Kono District,Idaho,James Regional Hospital,CHC,MoHS,,,
818,820,Eastern,Kono District,Idaho,Frederick Hospital,CHP,MoHS,,,
819,821,Eastern,Kono District,Idaho,Krystal Clinic,CHP,MoHS,,,
820,822,Eastern,Kono District,Idaho,Samuel CHp,CHP,MoHS,,,
821,823,Eastern,Kono District,Idaho,Jose Tertiary Hospital,CHP,MoHS,,,
822,824,Eastern,Kono District,Idaho,Cody CHP,MCHP,MoHS,,,
823,825,Eastern,Kono District,Idaho,Joseph CHC,MCHP,MoHS,,,
824,826,Eastern,Kono District,Idaho,David CHp,MCHP,MoHS,,,
825,827,Eastern,Kono District,Idaho,Dustin Hospital/CHC,MCHP,MoHS,,,
826,828,Eastern,Kono District,Idaho,Nancy Regional Hospital,MCHP,MoHS,,,
827,829,Eastern,Kono District,Idaho,Timothy CHP,MCHP,MoHS,,,
828,830,Eastern,Kono District,Idaho,Melissa Hospital,MCHP,MoHS,,,
829,831,Eastern,Kono District,Idaho,David CHC,MCHP,MoHS,,,
830,832,Eastern,Kono District,West Virginia,Terri Tertiary Hospital,CHP,MoHS,,,
831,833,Eastern,Kono District,West Virginia,Christopher CHC,CHP,MoHS,,,
832,834,Eastern,Kono District,West Virginia,Mia CHP,MCHP,MoHS,,,
833,835,Eastern,Kono District,West Virginia,April CHC,MCHP,MoHS,,,
834,836,Eastern,Kono District,West Virginia,Tony Regional Hospital,MCHP,MoHS,,,
835,837,Eastern,Kono District,West Virginia,Gregory MCHP,MCHP,MoHS,,,
836,838,Eastern,Kono District,West Virginia,Oscar Regional Hospital,MCHP,MoHS,,,
837,839,Eastern,Kono District,North Dakota,Stacy Regional Hospital,CHC,MoHS,,,
838,840,Eastern,Kono District,North Dakota,Rebecca hospital,CHC,MoHS,,,
839,841,Eastern,Kono District,North Dakota,Dawn Hospital/CHC,CHC,MoHS,,,
840,842,Eastern,Kono District,North Dakota,James MCHP,CHC,MoHS,,,
841,843,Eastern,Kono District,North Dakota,James MCHP,CHP,MoHS,,,
842,844,Eastern,Kono District,North Dakota,Kayla Clinic,CHP,MoHS,,,
843,845,Eastern,Kono District,North Dakota,Patrick hospital,CHP,MoHS,,,
844,846,Eastern,Kono District,North Dakota,Edwin hospital,Clinic,MoHS,,,
845,847,Eastern,Kono District,North Dakota,Latasha CHp,MCHP,MoHS,,,
846,848,Eastern,Kono District,Virginia,Brian Hospital,MCHP,MoHS,,,
847,849,Eastern,Kono District,Virginia,Ashley Regional Hospital,MCHP,MoHS,,,
848,850,Southern,Moyamba,Arkansas,William Regional Hospital,CHC,MoHS,,,
849,851,Southern,Moyamba,Arkansas,Brittany CHC,CHP,MoHS,,,
850,852,Southern,Moyamba,Arkansas,Lori CHC,CHP,MoHS,,,
851,853,Southern,Moyamba,Arkansas,Heather CHP,MCHP,MoHS,,,
852,854,Southern,Moyamba,Arkansas,Angela CHP,MCHP,MoHS,,,
853,855,Southern,Moyamba,Arkansas,Joshua hospital,MCHP,MoHS,,,
854,856,Southern,Moyamba,Delaware,Daniel CHC,CHC,MoHS,,,
855,857,Southern,Moyamba,Delaware,Stephen Clinic,CHP,MoHS,,,
856,858,Southern,Moyamba,Delaware,Natasha Hospital,CHP,MoHS,,,
857,859,Southern,Moyamba,Delaware,Shannon CHp,CHP,MoHS,,,
858,860,Southern,Moyamba,Delaware,Brenda Hospital/CHC,CHP,MoHS,,,
859,861,Southern,Moyamba,Delaware,Jeffery CHp,CHP,MoHS,,,
860,862,Southern,Moyamba,Delaware,Juan Tertiary Hospital,Hospital,NGO,,,
861,863,Southern,Moyamba,Delaware,Michael Hospital,MCHP,MoHS,,,
862,864,Southern,Moyamba,Delaware,Martin Hospital/CHC,MCHP,MoHS,,,
863,865,Southern,Moyamba,Delaware,Karina Regional Hospital,MCHP,MoHS,,,
864,866,Southern,Moyamba,Delaware,Cassidy Hospital,MCHP,MoHS,,,
865,867,Southern,Moyamba,Delaware,Stephanie Hospital/CHC,MCHP,MoHS,,,
866,868,Southern,Moyamba,Delaware,Thomas Tertiary Hospital,MCHP,MoHS,,,
867,869,Southern,Moyamba,Colorado,Steven Regional Hospital,CHC,MoHS,,,
868,870,Southern,Moyamba,Colorado,Molly Regional Hospital,CHP,MoHS,,,
869,871,Southern,Moyamba,Colorado,Robert MCHP,CHP,NGO,,,
870,872,Southern,Moyamba,Colorado,Jerry CHP,MCHP,MoHS,,,
871,873,Southern,Moyamba,Colorado,Tracy Regional Hospital,MCHP,MoHS,,,
872,874,Southern,Moyamba,Colorado,Debra CHP,MCHP,MoHS,,,
873,875,Southern,Moyamba,Colorado,Kyle CHC,MCHP,MoHS,,,
874,876,Southern,Moyamba,Arkansas,Edwin Tertiary Hospital,CHC,MoHS,,,
875,877,Southern,Moyamba,Arkansas,Robert CHP,CHC,MoHS,,,
876,878,Southern,Moyamba,Arkansas,Stephanie hospital,CHP,MoHS,,,
877,879,Southern,Moyamba,Arkansas,Patrick Hospital,MCHP,MoHS,,,
878,880,Southern,Moyamba,Arkansas,Sabrina CHp,MCHP,MoHS,,,
879,881,Southern,Moyamba,Arkansas,Natalie CHP,MCHP,MoHS,,,
880,882,Southern,Moyamba,Arkansas,Gregory CHC,MCHP,MoHS,,,
881,883,Southern,Moyamba,Arkansas,Gary MCHP,MCHP,MoHS,,,
882,884,Southern,Moyamba,Arizona,Matthew CHP,CHC,MoHS,,,
883,885,Southern,Moyamba,Arizona,Sean Clinic,CHC,MoHS,,,
884,886,Southern,Moyamba,Arizona,Elizabeth CHP,CHP,MoHS,,,
885,887,Southern,Moyamba,Arizona,Alexander Hospital/CHC,CHP,MoHS,,,
886,888,Southern,Moyamba,Arizona,Debra CHC,Hospital,MoHS,,,
887,889,Southern,Moyamba,Arizona,Tina MCHP,MCHP,MoHS,,,
888,890,Southern,Moyamba,Arizona,Mary CHC,MCHP,MoHS,,,
889,891,Southern,Moyamba,Arizona,Mike Clinic,MCHP,MoHS,,,
890,892,Southern,Moyamba,Arizona,Heather Tertiary Hospital,MCHP,MoHS,,,
891,893,Southern,Moyamba,Arizona,Rodney Hospital/CHC,MCHP,MoHS,,,
892,894,Southern,Moyamba,Virginia,Elizabeth hospital,CHC,MoHS,,,
893,895,Southern,Moyamba,Virginia,Angela CHP,CHP,MoHS,,,
894,896,Southern,Moyamba,Virginia,Adam Regional Hospital,MCHP,MoHS,,,
895,897,Southern,Moyamba,Virginia,Amanda CHP,MCHP,MoHS,,,
896,898,Southern,Moyamba,Kansas,Keith hospital,CHC,MoHS,,,
897,899,Southern,Moyamba,Kansas,Victor Tertiary Hospital,CHP,MoHS,,,
898,900,Southern,Moyamba,Kansas,Melanie Hospital,CHP,MoHS,,,
899,901,Southern,Moyamba,Kansas,Tammy Hospital/CHC,CHP,MoHS,,,
900,902,Southern,Moyamba,Kansas,Jeffery Hospital,CHP,MoHS,,,
901,903,Southern,Moyamba,Kansas,Patricia Hospital,MCHP,MoHS,,,
902,904,Southern,Moyamba,Kansas,Karina Hospital,MCHP,MoHS,,,
903,905,Southern,Moyamba,Kansas,Leslie Hospital/CHC,MCHP,MoHS,,,
904,906,Southern,Moyamba,Kansas,Walter Hospital/CHC,MCHP,MoHS,,,
905,907,Southern,Moyamba,Kansas,Tyler CHC,MCHP,MoHS,,,
906,908,Southern,Moyamba,Kansas,Michael CHP,MCHP,MoHS,,,
907,909,Southern,Moyamba,Illinois,David CHP,CHC,MoHS,,,
908,910,Southern,Moyamba,Illinois,Jerry CHP,CHP,MoHS,,,
909,911,Southern,Moyamba,Illinois,Jeremy CHP,CHP,MoHS,,,
910,912,Southern,Moyamba,Illinois,Douglas CHp,MCHP,MoHS,,,
911,913,Southern,Moyamba,Illinois,Kristin Regional Hospital,MCHP,MoHS,,,
912,914,Southern,Moyamba,Nebraska,Jennifer hospital,CHC,MoHS,,,
913,915,Southern,Moyamba,Nebraska,Michael Regional Hospital,CHC,MoHS,,,
914,916,Southern,Moyamba,Nebraska,Nicole MCHP,CHP,MoHS,,,
915,917,Southern,Moyamba,Nebraska,Stephanie Clinic,CHP,MoHS,,,
916,918,Southern,Moyamba,Nebraska,Jose CHp,CHP,NGO,,,
917,919,Southern,Moyamba,Nebraska,Veronica CHp,CHP,Private,,,
918,920,Southern,Moyamba,Nebraska,Ashley CHC,MCHP,MoHS,,,
919,921,Southern,Moyamba,Nebraska,Lisa hospital,MCHP,MoHS,,,
920,922,Southern,Moyamba,Nebraska,Elizabeth CHC,MCHP,MoHS,,,
921,923,Southern,Moyamba,Nebraska,Ronald CHP,MCHP,MoHS,,,
922,924,Southern,Moyamba,Nebraska,Lori Regional Hospital,MCHP,MoHS,,,
923,925,Southern,Moyamba,Nebraska,Mark MCHP,MCHP,MoHS,,,
924,926,Southern,Moyamba,Nevada,Jeremy CHp,CHC,MoHS,,,
925,927,Southern,Moyamba,Nevada,Shawn CHP,MCHP,MoHS,,,
926,928,Southern,Moyamba,Nevada,Kyle MCHP,MCHP,MoHS,,,
927,929,Southern,Moyamba,Nevada,Alicia Tertiary Hospital,MCHP,MoHS,,,
928,930,Southern,Moyamba,New Hampshire,Anthony Hospital/CHC,CHC,MoHS,,,
929,931,Southern,Moyamba,New Hampshire,Richard Hospital/CHC,CHC,MoHS,,,
930,932,Southern,Moyamba,New Hampshire,Bryan CHp,CHP,MoHS,,,
931,933,Southern,Moyamba,New Hampshire,Mark CHp,CHP,MoHS,,,
932,934,Southern,Moyamba,New Hampshire,Shannon hospital,CHP,MoHS,,,
933,935,Southern,Moyamba,New Hampshire,Angelica Hospital,MCHP,MoHS,,,
934,936,Southern,Moyamba,New Hampshire,Brianna CHp,MCHP,MoHS,,,
935,937,Southern,Moyamba,Michigan,Jessica hospital,CHC,MoHS,,,
936,938,Southern,Moyamba,Michigan,Anthony Regional Hospital,CHP,MoHS,,,
937,939,Southern,Moyamba,Michigan,William Hospital,CHP,MoHS,,,
938,940,Southern,Moyamba,Michigan,Rachael hospital,MCHP,MoHS,,,
939,941,Southern,Moyamba,Michigan,Miguel CHC,MCHP,MoHS,,,
940,942,Southern,Moyamba,Michigan,Nicholas Hospital/CHC,MCHP,MoHS,,,
941,943,Southern,Moyamba,Michigan,Elizabeth Tertiary Hospital,MCHP,MoHS,,,
942,944,Southern,Moyamba,Michigan,Joshua MCHP,MCHP,MoHS,,,
943,945,Southern,Moyamba,Michigan,Daniel MCHP,MCHP,MoHS,,,
944,946,Southern,Moyamba,Rhode Island,Kathy hospital,CHC,MoHS,,,
945,947,Southern,Moyamba,Rhode Island,Kristie CHp,CHP,MoHS,,,
946,948,Southern,Moyamba,Rhode Island,Alexander CHP,MCHP,MoHS,,,
947,949,Southern,Moyamba,Rhode Island,Raymond Hospital,MCHP,MoHS,,,
948,950,Southern,Moyamba,Rhode Island,Rebecca Clinic,MCHP,MoHS,,,
949,951,Southern,Moyamba,Massachusetts,Robert hospital,CHC,MoHS,,,
950,952,Southern,Moyamba,Massachusetts,Brian Tertiary Hospital,CHP,MoHS,,,
951,953,Southern,Moyamba,Massachusetts,Brittany MCHP,CHP,MoHS,,,
952,954,Southern,Moyamba,Massachusetts,Albert Tertiary Hospital,MCHP,MoHS,,,
953,955,Southern,Moyamba,Massachusetts,Sierra MCHP,MCHP,MoHS,,,
954,956,North-West,Port Loko,Pennsylvania,Daniel Tertiary Hospital,CHP,MoHS,,,
955,957,North-West,Port Loko,Pennsylvania,Bonnie CHC,CHP,MoHS,,,
956,958,North-West,Port Loko,Pennsylvania,Leslie CHP,CHP,MoHS,,,
957,959,North-West,Port Loko,Pennsylvania,Kylie CHp,CHP,NGO,,,
958,960,North-West,Port Loko,Pennsylvania,Wanda Clinic,Regional Hospital,MoHS,,,
959,961,North-West,Port Loko,Pennsylvania,Erin CHp,MCHP,MoHS,,,
960,962,North-West,Port Loko,Oregon,Christina Clinic,CHC,MoHS,,,
961,963,North-West,Port Loko,Oregon,Robert Tertiary Hospital,CHP,MoHS,,,
962,964,North-West,Port Loko,Oregon,Mario Clinic,MCHP,MoHS,,,
963,965,North-West,Port Loko,Oregon,Stephanie CHC,MCHP,MoHS,,,
964,966,North-West,Port Loko,Oregon,Jeremy MCHP,MCHP,MoHS,,,
965,967,North-West,Port Loko,Delaware,Tabitha CHP,CHC,MoHS,,,
966,968,North-West,Port Loko,Delaware,Christian Hospital/CHC,CHC,MoHS,,,
967,969,North-West,Port Loko,Delaware,Brandy Hospital/CHC,CHC,MoHS,,,
968,970,North-West,Port Loko,Delaware,Phillip Hospital/CHC,CHC,MoHS,,,
969,971,North-West,Port Loko,Delaware,Jane Tertiary Hospital,CHC,MoHS,,,
970,972,North-West,Port Loko,Delaware,Catherine CHP,CHC,NGO,,,
971,973,North-West,Port Loko,Delaware,John CHC,CHP,MoHS,,,
972,974,North-West,Port Loko,Delaware,David Hospital,CHP,MoHS,,,
973,975,North-West,Port Loko,Delaware,Danielle Hospital/CHC,CHP,MoHS,,,
974,976,North-West,Port Loko,Delaware,Julie Hospital,CHP,NGO,,,
975,977,North-West,Port Loko,Delaware,Desiree Regional Hospital,Hospital,MoHS,,,
976,978,North-West,Port Loko,Delaware,Micheal Clinic,Hospital,NGO,,,
977,979,North-West,Port Loko,Delaware,Christina MCHP,MCHP,MoHS,,,
978,980,North-West,Port Loko,Delaware,Destiny CHp,MCHP,MoHS,,,
979,981,North-West,Port Loko,Delaware,Randy CHP,MCHP,MoHS,,,
980,982,North-West,Port Loko,Mississippi,Brandon Hospital/CHC,CHC,MoHS,,,
981,983,North-West,Port Loko,Mississippi,Wendy Clinic,CHP,MoHS,,,
982,984,North-West,Port Loko,Mississippi,Courtney hospital,CHP,MoHS,,,
983,985,North-West,Port Loko,Mississippi,Bailey MCHP,MCHP,MoHS,,,
984,986,North-West,Port Loko,Mississippi,Larry Hospital,MCHP,MoHS,,,
985,987,North-West,Port Loko,Mississippi,Timothy CHC,MCHP,MoHS,,,
986,988,North-West,Port Loko,Wyoming,Jeffrey CHP,CHP,MoHS,,,
987,989,North-West,Port Loko,Wyoming,Matthew Regional Hospital,MCHP,MoHS,,,
988,990,North-West,Port Loko,Wyoming,Nicole CHp,MCHP,MoHS,,,
989,991,North-West,Port Loko,Wyoming,Regina CHP,MCHP,MoHS,,,
990,992,North-West,Port Loko,Arkansas,Michael CHp,CHC,MoHS,,,
991,993,North-West,Port Loko,Arkansas,Jesus hospital,CHC,MoHS,,,
992,994,North-West,Port Loko,Arkansas,Lisa MCHP,CHP,MoHS,,,
993,995,North-West,Port Loko,Arkansas,Brittney Hospital,CHP,MoHS,,,
994,996,North-West,Port Loko,Arkansas,Christine Clinic,CHP,MoHS,,,
995,997,North-West,Port Loko,Arkansas,Victoria Clinic,CHP,MoHS,,,
996,998,North-West,Port Loko,Arkansas,Leonard Tertiary Hospital,CHP,MoHS,,,
997,999,North-West,Port Loko,Arkansas,Michael CHp,CHP,MoHS,,,
998,1000,North-West,Port Loko,Arkansas,Jeffrey Regional Hospital,CHP,MoHS,,,
999,1001,North-West,Port Loko,Arkansas,James MCHP,MCHP,MoHS,,,
1000,1002,North-West,Port Loko,Arkansas,Heather Hospital/CHC,MCHP,MoHS,,,
1001,1003,North-West,Port Loko,Arkansas,Tiffany hospital,MCHP,MoHS,,,
1002,1004,North-West,Port Loko,Arkansas,Lindsay Regional Hospital,MCHP,MoHS,,,
1003,1005,North-West,Port Loko,Arkansas,Jacob hospital,MCHP,MoHS,,,
1004,1006,North-West,Port Loko,Arkansas,Patrick MCHP,MCHP,MoHS,,,
1005,1007,North-West,Port Loko,Arkansas,Aaron CHp,MCHP,MoHS,,,
1006,1008,North-West,Port Loko,Arkansas,William Tertiary Hospital,MCHP,MoHS,,,
1007,1009,North-West,Port Loko,Arkansas,Brianna CHp,MCHP,MoHS,,,
1008,1010,North-West,Port Loko,Mississippi,Andrew Hospital,CHC,MoHS,,,
1009,1011,North-West,Port Loko,Mississippi,Victoria CHp,CHC,MoHS,,,
1010,1012,North-West,Port Loko,Mississippi,Michael CHp,CHC,MoHS,,,
1011,1013,North-West,Port Loko,Mississippi,Courtney CHp,CHP,MoHS,,,
1012,1014,North-West,Port Loko,Mississippi,Curtis CHC,CHP,MoHS,,,
1013,1015,North-West,Port Loko,Mississippi,Thomas CHP,CHP,MoHS,,,
1014,1016,North-West,Port Loko,Mississippi,Charles hospital,CHP,MoHS,,,
1015,1017,North-West,Port Loko,Mississippi,Jane CHC,CHP,MoHS,,,
1016,1018,North-West,Port Loko,Mississippi,Courtney CHP,CHP,MoHS,,,
1017,1019,North-West,Port Loko,Mississippi,Catherine MCHP,CHP,MoHS,,,
1018,1020,North-West,Port Loko,Mississippi,Amber Clinic,Hospital,Private,,,
1019,1021,North-West,Port Loko,Mississippi,Karen Hospital,MCHP,MoHS,,,
1020,1022,North-West,Port Loko,Mississippi,Jennifer hospital,MCHP,MoHS,,,
1021,1023,North-West,Port Loko,Virginia,Christina Hospital,CHP,MoHS,,,
1022,1024,North-West,Port Loko,Virginia,Erika Hospital,MCHP,MoHS,,,
1023,1025,North-West,Port Loko,Louisiana,Luke CHC,CHC,MoHS,,,
1024,1026,North-West,Port Loko,Louisiana,Carlos Clinic,CHP,MoHS,,,
1025,1027,North-West,Port Loko,Louisiana,Autumn CHp,CHP,MoHS,,,
1026,1028,North-West,Port Loko,Louisiana,Lisa CHP,CHP,MoHS,,,
1027,1029,North-West,Port Loko,Louisiana,Stephen Hospital/CHC,MCHP,MoHS,,,
1028,1030,North-West,Port Loko,Louisiana,Sylvia Clinic,MCHP,MoHS,,,
1029,1031,North-West,Port Loko,Louisiana,Maria Tertiary Hospital,MCHP,MoHS,,,
1030,1032,North-West,Port Loko,Louisiana,Gary Regional Hospital,MCHP,MoHS,,,
1031,1033,North-West,Port Loko,Louisiana,Kendra CHp,MCHP,MoHS,,,
1032,1034,North-West,Port Loko,Montana,Joseph Hospital,CHC,MoHS,,,
1033,1035,North-West,Port Loko,Montana,Amanda CHC,CHP,MoHS,,,
1034,1036,North-West,Port Loko,Oklahoma,Carlos Hospital,CHC,MoHS,,,
1035,1037,North-West,Port Loko,Oklahoma,Evan Hospital,CHP,MoHS,,,
1036,1038,North-West,Port Loko,Oklahoma,Scott Hospital,Hospital,NGO,,,
1037,1039,North-West,Port Loko,Oklahoma,Mikayla hospital,MCHP,MoHS,,,
1038,1040,North-West,Port Loko,Oklahoma,Brenda CHp,MCHP,MoHS,,,
1039,1041,North-West,Port Loko,Oklahoma,Donna Regional Hospital,MCHP,MoHS,,,
1040,1042,North-West,Port Loko,Oklahoma,Cynthia Hospital,MCHP,MoHS,,,
1041,1043,North-West,Port Loko,Maine,Frances Hospital,CHC,MoHS,,,
1042,1044,North-West,Port Loko,Maine,Micheal Regional Hospital,CHC,MoHS,,,
1043,1045,North-West,Port Loko,Maine,Brittany MCHP,CHC,NGO,,,
1044,1046,North-West,Port Loko,Maine,Dana MCHP,CHP,MoHS,,,
1045,1047,North-West,Port Loko,Maine,Anita Hospital/CHC,CHP,MoHS,,,
1046,1048,North-West,Port Loko,Maine,Christopher Clinic,CHP,MoHS,,,
1047,1049,North-West,Port Loko,Maine,Laura CHC,CHP,MoHS,,,
1048,1050,North-West,Port Loko,Maine,Brittany Clinic,MCHP,MoHS,,,
1049,1051,North-West,Port Loko,Maine,Brittney Hospital,MCHP,MoHS,,,
1050,1052,North-West,Port Loko,Maine,Lisa MCHP,MCHP,MoHS,,,
1051,1053,North-West,Port Loko,Maine,William Clinic,MCHP,MoHS,,,
1052,1054,North-West,Port Loko,Maine,Kim Hospital,MCHP,MoHS,,,
1053,1055,North-West,Port Loko,Maine,Tammy CHp,MCHP,MoHS,,,
1054,1056,North-West,Port Loko,North Dakota,Samuel CHP,MCHP,MoHS,,,
1055,1057,North-West,Port Loko,North Dakota,Shelby hospital,MCHP,MoHS,,,
1056,1058,Southern,Pujehun District,Rhode Island,Aaron Hospital/CHC,CHC,MoHS,,,
1057,1059,Southern,Pujehun District,Rhode Island,Miranda MCHP,CHC,MoHS,,,
1058,1060,Southern,Pujehun District,Rhode Island,Robert CHp,CHP,MoHS,,, 
1059,1061,Southern,Pujehun District,Rhode Island,Jeremy hospital,MCHP,MoHS,,,
1060,1062,Southern,Pujehun District,Rhode Island,Jon Regional Hospital,MCHP,MoHS,,,
1061,1063,Southern,Pujehun District,Rhode Island,Brandon Tertiary Hospital,MCHP,MoHS,,,
1062,1064,Southern,Pujehun District,Rhode Island,Matthew Regional Hospital,MCHP,MoHS,,,
1063,1065,Southern,Pujehun District,Rhode Island,Zachary Clinic,MCHP,MoHS,,,
1064,1066,Southern,Pujehun District,Rhode Island,Mark MCHP,MCHP,MoHS,,,
1065,1067,Southern,Pujehun District,Iowa,Joshua Tertiary Hospital,CHC,MoHS,,,
1066,1068,Southern,Pujehun District,Iowa,Kristen Hospital/CHC,CHP,MoHS,,,
1067,1069,Southern,Pujehun District,Iowa,Nicholas MCHP,CHP,MoHS,,,
1068,1070,Southern,Pujehun District,Iowa,Jennifer CHC,MCHP,MoHS,,,
1069,1071,Southern,Pujehun District,Iowa,Dennis Tertiary Hospital,MCHP,MoHS,,,
1070,1072,Southern,Pujehun District,Utah,Scott Hospital,MCHP,MoHS,,,
1071,1073,Southern,Pujehun District,California,Bradley Regional Hospital,CHC,MoHS,,,
1072,1074,Southern,Pujehun District,California,Alec CHP,CHP,MoHS,,,
1073,1075,Southern,Pujehun District,California,Rachel Hospital/CHC,MCHP,MoHS,,,
1074,1076,Southern,Pujehun District,California,Gary Hospital/CHC,MCHP,MoHS,,,
1075,1077,Southern,Pujehun District,New York,Mark hospital,CHC,MoHS,,,
1076,1078,Southern,Pujehun District,New York,Amy CHp,CHC,MoHS,,,
1077,1079,Southern,Pujehun District,New York,David hospital,CHP,MoHS,,,
1078,1080,Southern,Pujehun District,New York,Angela CHC,Hospital,MoHS,,,
1079,1081,Southern,Pujehun District,New York,Laura CHp,MCHP,MoHS,,,
1080,1082,Southern,Pujehun District,New York,Lisa Clinic,MCHP,MoHS,,,
1081,1083,Southern,Pujehun District,New York,Shannon CHC,MCHP,MoHS,,,
1082,1084,Southern,Pujehun District,New York,Bryan MCHP,MCHP,MoHS,,,
1083,1085,Southern,Pujehun District,New York,Denise Hospital/CHC,MCHP,MoHS,,,
1084,1086,Southern,Pujehun District,New York,Rachel CHP,MCHP,MoHS,,,
1085,1087,Southern,Pujehun District,New York,Amanda hospital,MCHP,MoHS,,,
1086,1088,Southern,Pujehun District,New York,Michelle Clinic,MCHP,MoHS,,,
1087,1089,Southern,Pujehun District,New York,Timothy Clinic,MCHP,MoHS,,,
1088,1090,Southern,Pujehun District,Oklahoma,Connor Regional Hospital,CHC,MoHS,,,
1089,1091,Southern,Pujehun District,Oklahoma,Ronald hospital,MCHP,MoHS,,,
1090,1092,Southern,Pujehun District,Oklahoma,Earl CHC,MCHP,MoHS,,,
1091,1093,Southern,Pujehun District,Oklahoma,David Regional Hospital,MCHP,MoHS,,,
1092,1094,Southern,Pujehun District,North Carolina,Glen CHC,CHC,MoHS,,,
1093,1095,Southern,Pujehun District,North Carolina,Jesse Regional Hospital,CHP,MoHS,,,
1094,1096,Southern,Pujehun District,North Carolina,Henry Clinic,CHP,MoHS,,,
1095,1097,Southern,Pujehun District,North Carolina,Andrew Hospital/CHC,MCHP,MoHS,,,
1096,1098,Southern,Pujehun District,North Carolina,Lisa CHC,MCHP,MoHS,,,
1097,1099,Southern,Pujehun District,North Carolina,Andrew hospital,MCHP,MoHS,,,
1098,1100,Southern,Pujehun District,North Carolina,Ryan Tertiary Hospital,MCHP,MoHS,,,
1099,1101,Southern,Pujehun District,Pennsylvania,Rebecca CHP,CHC,MoHS,,,
1100,1102,Southern,Pujehun District,Pennsylvania,Kevin Hospital/CHC,CHP,MoHS,,,
1101,1103,Southern,Pujehun District,Pennsylvania,Jeanne MCHP,CHP,MoHS,,,
1102,1104,Southern,Pujehun District,Pennsylvania,Felicia MCHP,CHP,MoHS,,,
1103,1105,Southern,Pujehun District,Pennsylvania,Michael CHp,MCHP,MoHS,,,
1104,1106,Southern,Pujehun District,Pennsylvania,Andrea CHC,MCHP,MoHS,,,
1105,1107,Southern,Pujehun District,Pennsylvania,Pedro CHp,MCHP,MoHS,,,
1106,1108,Southern,Pujehun District,Pennsylvania,Jonathan Clinic,MCHP,MoHS,,,
1107,1109,Southern,Pujehun District,Rhode Island,Audrey CHC,CHC,MoHS,,,
1108,1110,Southern,Pujehun District,Rhode Island,Ebony Clinic,MCHP,MoHS,,,
1109,1111,Southern,Pujehun District,Rhode Island,John Clinic,MCHP,MoHS,,,
1110,1112,Southern,Pujehun District,Rhode Island,Jacqueline CHC,MCHP,MoHS,,,
1111,1113,Southern,Pujehun District,Rhode Island,Taylor Hospital/CHC,MCHP,MoHS,,,
1112,1114,Southern,Pujehun District,Ohio,Christopher Regional Hospital,CHC,MoHS,,,
1113,1115,Southern,Pujehun District,Ohio,Heidi CHP,MCHP,MoHS,,,
1114,1116,Southern,Pujehun District,Ohio,Jennifer Tertiary Hospital,MCHP,MoHS,,,
1115,1117,Southern,Pujehun District,Ohio,Kristopher Tertiary Hospital,MCHP,MoHS,,,
1116,1118,Southern,Pujehun District,Massachusetts,Shane Hospital/CHC,CHC,MoHS,,,
1117,1119,Southern,Pujehun District,Massachusetts,Patrick Hospital,CHP,MoHS,,,
1118,1120,Southern,Pujehun District,Massachusetts,Jeffrey Regional Hospital,MCHP,MoHS,,,
1119,1121,Southern,Pujehun District,Massachusetts,Eric CHP,MCHP,MoHS,,,
1120,1122,Southern,Pujehun District,Massachusetts,Kaitlyn Tertiary Hospital,MCHP,MoHS,,,
1121,1123,Southern,Pujehun District,Massachusetts,Alvin Hospital,MCHP,MoHS,,,
1122,1124,Southern,Pujehun District,Massachusetts,Charles hospital,MCHP,MoHS,,,
1123,1125,Southern,Pujehun District,Hawaii,Timothy Hospital/CHC,CHC,MoHS,,,
1124,1126,Southern,Pujehun District,Hawaii,Veronica CHp,CHC,MoHS,,,
1125,1127,Southern,Pujehun District,Hawaii,Tracey CHP,CHP,MoHS,,,
1126,1128,Southern,Pujehun District,Hawaii,Sherry MCHP,CHP,MoHS,,,
1127,1129,Southern,Pujehun District,Hawaii,Michael CHP,MCHP,MoHS,,,
1128,1130,Southern,Pujehun District,Hawaii,Emily Hospital/CHC,MCHP,MoHS,,,
1129,1131,Southern,Pujehun District,Hawaii,Michael CHp,MCHP,MoHS,,,
1130,1132,Southern,Pujehun District,Hawaii,James MCHP,MCHP,MoHS,,,
1131,1133,Southern,Pujehun District,Hawaii,Edward CHp,MCHP,MoHS,,,
1132,1134,Southern,Pujehun District,Hawaii,Carmen MCHP,MCHP,MoHS,,,
1133,1135,Southern,Pujehun District,Minnesota,Andrew Hospital/CHC,CHC,MoHS,,,
1134,1136,Southern,Pujehun District,Minnesota,Jennifer CHp,CHP,MoHS,,,
1135,1137,Southern,Pujehun District,Minnesota,Mariah CHP,MCHP,MoHS,,,
1136,1138,Southern,Pujehun District,Minnesota,Julia Hospital,MCHP,MoHS,,,
1137,1139,Southern,Pujehun District,New Mexico,George hospital,CHC,MoHS,,,
1138,1140,Southern,Pujehun District,New Mexico,Kayla Hospital,MCHP,MoHS,,,
1139,1141,Southern,Pujehun District,New Mexico,Russell CHC,MCHP,MoHS,,,
1140,1142,Southern,Pujehun District,New Mexico,Misty hospital,MCHP,MoHS,,,
1141,1143,Northern,Tonkolili,Nevada,Dean CHP,CHC,MoHS,,,
1142,1144,Northern,Tonkolili,Nevada,Robert CHp,CHP,MoHS,,,
1143,1145,Northern,Tonkolili,Nevada,Joanne Tertiary Hospital,MCHP,MoHS,,,
1144,1146,Northern,Tonkolili,Nevada,Michael Hospital,MCHP,MoHS,,,
1145,1147,Northern,Tonkolili,Utah,Matthew CHp,CHP,MoHS,,,
1146,1148,Northern,Tonkolili,Utah,Cynthia Hospital,MCHP,MoHS,,,
1147,1149,Northern,Tonkolili,Virginia,Rose MCHP,CHC,MoHS,,,
1148,1150,Northern,Tonkolili,Virginia,Jared Regional Hospital,CHP,MoHS,,,
1149,1151,Northern,Tonkolili,Virginia,Susan CHP,MCHP,MoHS,,,
1150,1152,Northern,Tonkolili,Utah,William Clinic,MCHP,MoHS,,,
1151,1153,Northern,Tonkolili,Utah,Jonathan Clinic,MCHP,MoHS,,,
1152,1154,Northern,Tonkolili,Utah,Rebecca Regional Hospital,MCHP,MoHS,,,
1153,1155,Northern,Tonkolili,Connecticut,Mark hospital,CHC,MoHS,,,
1154,1156,Northern,Tonkolili,Connecticut,John CHP,CHC,MoHS,,,
1155,1157,Northern,Tonkolili,Connecticut,John CHP,Hospital,NGO,,,
1156,1158,Northern,Tonkolili,Connecticut,David Hospital/CHC,MCHP,MoHS,,,
1157,1159,Northern,Tonkolili,Connecticut,Hailey CHp,MCHP,MoHS,,,
1158,1160,Northern,Tonkolili,Utah,Cody Clinic,CHC,MoHS,,,
1159,1161,Northern,Tonkolili,Utah,Cynthia CHp,MCHP,MoHS,,,
1160,1162,Northern,Tonkolili,Montana,Alejandra hospital,MCHP,MoHS,,,
1161,1163,Northern,Tonkolili,Montana,Elizabeth Clinic,MCHP,MoHS,,,
1162,1164,Northern,Tonkolili,Florida,Alexander Hospital/CHC,CHC,MoHS,,,
1163,1165,Northern,Tonkolili,Florida,Sabrina CHp,MCHP,MoHS,,,
1164,1166,Northern,Tonkolili,Florida,Kevin Tertiary Hospital,MCHP,MoHS,,,
1165,1167,Northern,Tonkolili,Florida,Laura Tertiary Hospital,MCHP,MoHS,,,
1166,1168,Northern,Tonkolili,Florida,John CHP,MCHP,MoHS,,,
1167,1169,Northern,Tonkolili,Florida,Darryl Tertiary Hospital,MCHP,MoHS,,,
1168,1170,Northern,Tonkolili,Pennsylvania,Aaron CHP,CHC,MoHS,,,
1169,1171,Northern,Tonkolili,Pennsylvania,Victoria CHP,CHP,MoHS,,,
1170,1172,Northern,Tonkolili,Pennsylvania,Michael MCHP,MCHP,MoHS,,,
1171,1173,Northern,Tonkolili,Pennsylvania,Jessica Hospital,MCHP,MoHS,,,
1172,1174,Northern,Tonkolili,Pennsylvania,Sarah CHC,MCHP,MoHS,,,
1173,1175,Northern,Tonkolili,Pennsylvania,Janet Tertiary Hospital,MCHP,MoHS,,,
1174,1176,Northern,Tonkolili,Georgia,Gail Regional Hospital,CHC,MoHS,,,
1175,1177,Northern,Tonkolili,Georgia,Amanda CHP,CHP,MoHS,,,
1176,1178,Northern,Tonkolili,Georgia,Darrell Regional Hospital,Hospital,MoHS,,,
1177,1179,Northern,Tonkolili,Georgia,Paul CHp,Hospital,NGO,,,
1178,1180,Northern,Tonkolili,Georgia,Kevin Tertiary Hospital,MCHP,MoHS,,,
1179,1181,Northern,Tonkolili,Georgia,Eric Hospital,MCHP,MoHS,,,
1180,1182,Northern,Tonkolili,Maryland,Michelle Clinic,CHC,MoHS,,,
1181,1183,Northern,Tonkolili,Maryland,Brendan MCHP,MCHP,MoHS,,,
1182,1184,Northern,Tonkolili,Maryland,Brian Hospital,MCHP,MoHS,,,
1183,1185,Northern,Tonkolili,Maryland,Diana Clinic,MCHP,MoHS,,,
1184,1186,Northern,Tonkolili,Maryland,Kristina MCHP,MCHP,MoHS,,,
1185,1187,Northern,Tonkolili,Kentucky,Rodney MCHP,CHC,MoHS,,,
1186,1188,Northern,Tonkolili,Kentucky,Jason Regional Hospital,MCHP,MoHS,,,
1187,1189,Northern,Tonkolili,Kentucky,Kurt CHC,MCHP,MoHS,,,
1188,1190,Northern,Tonkolili,Kentucky,Mariah CHp,MCHP,MoHS,,,
1189,1191,Northern,Tonkolili,Kentucky,Tyler Regional Hospital,MCHP,MoHS,,,
1190,1192,Northern,Tonkolili,Kentucky,Matthew Clinic,MCHP,MoHS,,,
1191,1193,Northern,Tonkolili,Colorado,Brianna Tertiary Hospital,CHC,MoHS,,,
1192,1194,Northern,Tonkolili,Colorado,Joseph MCHP,CHP,MoHS,,,
1193,1195,Northern,Tonkolili,Colorado,Jon hospital,MCHP,MoHS,,,
1194,1196,Northern,Tonkolili,Colorado,Mark CHP,MCHP,MoHS,,,
1195,1197,Northern,Tonkolili,Colorado,Michael MCHP,MCHP,MoHS,,,
1196,1198,Northern,Tonkolili,Colorado,Austin Regional Hospital,MCHP,MoHS,,,
1197,1199,Northern,Tonkolili,Colorado,Nicholas MCHP,MCHP,MoHS,,,
1198,1200,Northern,Tonkolili,Connecticut,Felicia Hospital,CHC,MoHS,,,
1199,1201,Northern,Tonkolili,Connecticut,James Hospital/CHC,MCHP,MoHS,,,
1200,1202,Northern,Tonkolili,Arkansas,Scott Hospital,CHP,MoHS,,,
1201,1203,Northern,Tonkolili,Georgia,Danielle Hospital,CHC,MoHS,,,
1202,1204,Northern,Tonkolili,Georgia,Eric Tertiary Hospital,CHP,MoHS,,,
1203,1205,Northern,Tonkolili,Georgia,Mary Clinic,CHP,MoHS,,,
1204,1206,Northern,Tonkolili,Georgia,Joanna hospital,MCHP,MoHS,,,
1205,1207,Northern,Tonkolili,Georgia,Veronica hospital,MCHP,MoHS,,,
1206,1208,Northern,Tonkolili,Kentucky,Stephanie Clinic,CHP,MoHS,,,
1207,1209,Northern,Tonkolili,Kentucky,Heidi Clinic,MCHP,MoHS,,,
1208,1210,Northern,Tonkolili,Kentucky,Nicholas Clinic,MCHP,MoHS,,,
1209,1211,Northern,Tonkolili,New York,Corey MCHP,CHC,MoHS,,,
1210,1212,Northern,Tonkolili,New York,Crystal CHp,CHP,MoHS,,,
1211,1213,Northern,Tonkolili,New York,Stephanie Regional Hospital,MCHP,MoHS,,,
1212,1214,Northern,Tonkolili,New York,Mark CHP,MCHP,MoHS,,,
1213,1215,Northern,Tonkolili,New York,Cassandra Regional Hospital,MCHP,MoHS,,,
1214,1216,Northern,Tonkolili,New York,Joseph Hospital/CHC,MCHP,MoHS,,,
1215,1217,Northern,Tonkolili,New York,Christian CHp,MCHP,MoHS,,,
1216,1218,Northern,Tonkolili,New York,Gregory Hospital,MCHP,MoHS,,,
1217,1219,Northern,Tonkolili,Iowa,James Tertiary Hospital,CHC,MoHS,,,
1218,1220,Northern,Tonkolili,Iowa,Gregory Tertiary Hospital,CHP,MoHS,,,
1219,1221,Northern,Tonkolili,Iowa,Randall hospital,CHP,MoHS,,,
1220,1222,Northern,Tonkolili,Iowa,Ralph MCHP,MCHP,MoHS,,,
1221,1223,Northern,Tonkolili,Iowa,Kristen CHP,MCHP,MoHS,,,
1222,1224,Northern,Tonkolili,Iowa,Linda Clinic,MCHP,MoHS,,,
1223,1225,Northern,Tonkolili,Iowa,Scott Regional Hospital,MCHP,MoHS,,,
1224,1226,Northern,Tonkolili,Iowa,Lori hospital,MCHP,MoHS,,,
1225,1227,Northern,Tonkolili,Iowa,Kristin Hospital/CHC,MCHP,MoHS,,,
1226,1228,Northern,Tonkolili,Iowa,Courtney Hospital,MCHP,MoHS,,,
1227,1229,Northern,Tonkolili,Iowa,Gregory Hospital,MCHP,MoHS,,,
1228,1230,Northern,Tonkolili,Iowa,Anthony Hospital,MCHP,MoHS,,,
1229,1231,Northern,Tonkolili,Alaska,Kyle MCHP,CHC,MoHS,,,
1230,1232,Northern,Tonkolili,Alaska,Sara MCHP,CHC,MoHS,,,
1231,1233,Northern,Tonkolili,Alaska,Brian CHC,CHP,MoHS,,,
1232,1234,Northern,Tonkolili,Alaska,Brian CHP,CHP,MoHS,,,
1233,1235,Northern,Tonkolili,Alaska,Richard Hospital,CHP,MoHS,,,
1234,1236,Northern,Tonkolili,Alaska,Michael Hospital,CHP,MoHS,,,
1235,1237,Northern,Tonkolili,Alaska,Christopher Tertiary Hospital,CHP,MoHS,,,
1236,1238,Northern,Tonkolili,Alaska,Jaime CHC,CHP,MoHS,,,
1237,1239,Northern,Tonkolili,Alaska,Shelia Hospital/CHC,CHP,MoHS,,,
1238,1240,Northern,Tonkolili,Alaska,Steven Hospital,CHP,MoHS,,,
1239,1241,Northern,Tonkolili,Alaska,Emily MCHP,MCHP,MoHS,,,
1240,1242,Northern,Tonkolili,Alaska,Kristen Clinic,MCHP,MoHS,,,
1241,1243,Northern,Tonkolili,Alaska,Charles CHC,MCHP,MoHS,,,
1242,1244,Northern,Tonkolili,Alaska,Sarah Regional Hospital,MCHP,MoHS,,,
1243,1245,Northern,Tonkolili,Alaska,John Hospital/CHC,MCHP,MoHS,,,
1244,1246,Northern,Tonkolili,Alaska,Nicholas Tertiary Hospital,MCHP,MoHS,,,
1245,1247,Northern,Tonkolili,Alaska,Sara hospital,MCHP,MoHS,,,
1246,1248,Western ,Western Area Rural District,Alabama,Ryan Clinic,CHC,MoHS,,,
1247,1249,Western ,Western Area Rural District,Alabama,Kimberly Tertiary Hospital,CHC,MoHS,,,
1248,1250,Western ,Western Area Rural District,Alabama,Eugene CHC,CHP,MoHS,,,
1249,1251,Western ,Western Area Rural District,Alabama,Stephen CHp,CHP,MoHS,,,
1250,1252,Western ,Western Area Rural District,Alabama,Jennifer Regional Hospital,MCHP,MoHS,,,
1251,1253,Western ,Western Area Rural District,Alabama,Brandon MCHP,MCHP,MoHS,,,
1252,1254,Western ,Western Area Rural District,Alabama,Allison CHp,MCHP,MoHS,,,
1253,1255,Western ,Western Area Rural District,Alabama,Joseph Hospital/CHC,MCHP,MoHS,,,
1254,1256,Western ,Western Area Rural District,Alabama,Elizabeth hospital,MCHP,MoHS,,,
1255,1257,Western ,Western Area Rural District,Tennessee,Kelly Hospital/CHC,CHC,MoHS,,,
1256,1258,Western ,Western Area Rural District,Tennessee,David Clinic,CHC,MoHS,,,
1257,1259,Western ,Western Area Rural District,Tennessee,Donald Hospital,CHP,MoHS,,,
1258,1260,Western ,Western Area Rural District,Tennessee,Joseph CHP,CHP,MoHS,,,
1259,1261,Western ,Western Area Rural District,Tennessee,Lisa Regional Hospital,CHP,MoHS,,,
1260,1262,Western ,Western Area Rural District,Washington,Kimberly Clinic,CHC,MoHS,,,
1261,1263,Western ,Western Area Rural District,Washington,Michael Hospital/CHC,CHC,MoHS,,,
1262,1264,Western ,Western Area Rural District,Washington,Bethany CHP,CHC,MoHS,,,
1263,1265,Western ,Western Area Rural District,Washington,William CHC,CHP,MoHS,,,
1264,1266,Western ,Western Area Rural District,Washington,Devin hospital,CHP,MoHS,,,
1265,1267,Western ,Western Area Rural District,Washington,Eric Regional Hospital,CHP,MoHS,,,
1266,1268,Western ,Western Area Rural District,Washington,Felicia Hospital,CHP,MoHS,,,
1267,1269,Western ,Western Area Rural District,Washington,Michelle CHp,CHP,MoHS,,,
1268,1270,Western ,Western Area Rural District,Washington,Crystal MCHP,CHP,MoHS,,,
1269,1271,Western ,Western Area Rural District,Washington,Jeffrey hospital,CHP,NGO,,,
1270,1272,Western ,Western Area Rural District,Washington,Jeffrey MCHP,Clinic,MoHS,,,
1271,1273,Western ,Western Area Rural District,Washington,Denise CHp,Clinic,Private,,,
1272,1274,Western ,Western Area Rural District,Washington,Paul Tertiary Hospital,Clinic,MoHS,,,
1273,1275,Western ,Western Area Rural District,Washington,Matthew Hospital/CHC,Clinic,NGO,,,
1274,1276,Western ,Western Area Rural District,Washington,Katherine Hospital/CHC,Clinic,NGO,,,
1275,1277,Western ,Western Area Rural District,Washington,Audrey hospital,Clinic,Private,,,
1276,1278,Western ,Western Area Rural District,Washington,Patricia Hospital/CHC,Clinic,Private,,,
1277,1279,Western ,Western Area Rural District,Washington,Todd hospital,Clinic,Private,,,
1278,1280,Western ,Western Area Rural District,Washington,Jeffrey CHP,Clinic,Private,,,
1279,1281,Western ,Western Area Rural District,Washington,James Regional Hospital,Clinic,Private,,,
1280,1282,Western ,Western Area Rural District,Washington,Michelle Hospital,Clinic,Private,,,
1281,1283,Western ,Western Area Rural District,Washington,Mitchell CHC,Hospital,MoHS,,,
1282,1284,Western ,Western Area Rural District,Washington,Mary MCHP,Hospital,NGO,,,
1283,1285,Western ,Western Area Rural District,Washington,Christopher Clinic,MCHP,MoHS,,,
1284,1286,Western ,Western Area Rural District,Washington,Ashley Hospital/CHC,MCHP,MoHS,,,
1285,1287,Western ,Western Area Rural District,Washington,Darrell Clinic,MCHP,MoHS,,,
1286,1288,Western ,Western Area Rural District,Washington,Deborah CHC,MCHP,MoHS,,,
1287,1289,Western ,Western Area Rural District,Washington,Shelley Clinic,MCHP,MoHS,,,
1288,1290,Western ,Western Area Rural District,Washington,Raymond hospital,MCHP,MoHS,,,
1289,1291,Western ,Western Area Rural District,Washington,Theresa CHP,MCHP,MoHS,,,
1290,1292,Western ,Western Area Rural District,Washington,Anthony CHC,MCHP,Private,,,
1291,1293,Western ,Western Area Rural District,Washington,Rebecca hospital,MCHP,Private,,,
1292,1294,Western ,Western Area Rural District,Washington,Adam CHP,MCHP,Private,,,
1293,1295,Western ,Western Area Rural District,Washington,Karla Hospital,MCHP,Private,,,
1294,1296,Western ,Western Area Rural District,New Jersey,Dorothy CHC,CHC,MoHS,,,
1295,1297,Western ,Western Area Rural District,New Jersey,Kelli CHC,CHC,MoHS,,,
1296,1298,Western ,Western Area Rural District,New Jersey,Brian CHP,CHC,MoHS,,,
1297,1299,Western ,Western Area Rural District,New Jersey,Alec MCHP,CHC,MoHS,,,
1298,1300,Western ,Western Area Rural District,New Jersey,John Hospital/CHC,CHP,MoHS,,,
1299,1301,Western ,Western Area Rural District,New Jersey,Nathan Clinic,CHP,MoHS,,,
1300,1302,Western ,Western Area Rural District,New Jersey,Heather Regional Hospital,CHP,MoHS,,,
1301,1303,Western ,Western Area Rural District,New Jersey,Rick CHp,Clinic,MoHS,,,
1302,1304,Western ,Western Area Rural District,New Jersey,Samantha Hospital/CHC,hospital,NGO,,,
1303,1305,Western ,Western Area Rural District,New Jersey,Diane CHP,Clinic,NGO,,,
1304,1306,Western ,Western Area Rural District,New Jersey,Suzanne MCHP,Clinic,NGO,,,
1305,1307,Western ,Western Area Rural District,New Jersey,Jacqueline Regional Hospital,Clinic,Private,,,
1306,1308,Western ,Western Area Rural District,New Jersey,Angela Hospital/CHC,Hospital,MoHS,,,
1307,1309,Western ,Western Area Rural District,New Jersey,Kimberly Tertiary Hospital,MCHP,MoHS,,,
1308,1310,Western ,Western Area Rural District,New Jersey,Kerry Clinic,MCHP,MoHS,,,
1309,1311,Western ,Western Area Rural District,New Jersey,David CHP,MCHP,MoHS,,,
1310,1312,Western ,Western Area Rural District,New Jersey,Emily CHp,MCHP,MoHS,,,
1311,1313,Western ,Western Area Rural District,New Jersey,Austin hospital,MCHP,MoHS,,,
1312,1314,Western ,Western Area Rural District,New Jersey,Patrick Hospital,MCHP,MoHS,,,
1313,1315,Western ,Western Area Urban District,South Carolina,Gregory Regional Hospital,CHC,MoHS,,,
1314,1316,Western ,Western Area Urban District,South Carolina,Jeremy CHP,CHP,Private,,,
1315,1317,Western ,Western Area Urban District,South Carolina,Nicholas Clinic,Hospital,MoHS,,,
1316,1318,Western ,Western Area Urban District,South Carolina,Ian Regional Hospital,MCHP,MoHS,,,
1317,1319,Western ,Western Area Urban District,Nevada,William MCHP,CHC,MoHS,,,
1318,1320,Western ,Western Area Urban District,Nevada,Lee Regional Hospital,Clinic,MoHS,,,
1319,1321,Western ,Western Area Urban District,Nevada,Joyce hospital,Clinic,NGO,,,
1320,1322,Western ,Western Area Urban District,Nevada,Michelle MCHP,Clinic,private,,,
1321,1323,Western ,Western Area Urban District,Nevada,John MCHP,Clinic,Private,,,
1322,1324,Western ,Western Area Urban District,Nevada,Marcus Tertiary Hospital,Tertiary Hospital,MoHS,,,
1323,1325,Western ,Western Area Urban District,Nevada,Samantha CHP,Hospital,Private,,,
1324,1326,Western ,Western Area Urban District,Nevada,Rebecca Clinic,Hospital,Private,,,
1325,1327,Western ,Western Area Urban District,Wisconsin,Allison Regional Hospital,CHC,MoHS,,,
1326,1328,Western ,Western Area Urban District,Wisconsin,John Tertiary Hospital,CHC,MoHS,,,
1327,1329,Western ,Western Area Urban District,Wisconsin,Kathy hospital,CHP,MoHS,,,
1328,1330,Western ,Western Area Urban District,Wisconsin,Elizabeth Hospital,CHC,MoHS,,,
1329,1331,Western ,Western Area Urban District,Wisconsin,Dennis CHC,Clinic,NGO,,,
1330,1332,Western ,Western Area Urban District,Wisconsin,Andre Clinic,Clinic,Private,,,
1331,1333,Western ,Western Area Urban District,Wisconsin,Kayla CHp,Tertiary Hospital,MoHS,,,
1332,1334,Western ,Western Area Urban District,Wisconsin,Felicia Tertiary Hospital,CHP,MoHS,,,
1333,1335,Western ,Western Area Urban District,Wisconsin,Francis Hospital/CHC,Tertiary Hospital,MoHS,,,
1334,1336,Western ,Western Area Urban District,Wisconsin,Anthony Hospital/CHC,MCHP,MoHS,,,
1335,1337,Western ,Western Area Urban District,Vermont,Jamie Hospital,CHC,MoHS,,,
1336,1338,Western ,Western Area Urban District,Vermont,Bridget Hospital,MCHP,Private,,,
1337,1339,Western ,Western Area Urban District,Vermont,Stacy MCHP,MCHP,Private,,,
1338,1340,Western ,Western Area Urban District,Illinois,Gregory CHP,CHC,MoHS,,,
1339,1341,Western ,Western Area Urban District,Illinois,Angela CHp,CHC,MoHS,,,
1340,1342,Western ,Western Area Urban District,Illinois,Lori CHp,CHC,MoHS,,,
1341,1343,Western ,Western Area Urban District,Illinois,Robert CHP,CHC,MoHS,,,
1342,1344,Western ,Western Area Urban District,Illinois,Mark Tertiary Hospital,CHC,MoHS,,,
1343,1345,Western ,Western Area Urban District,Illinois,Kelly Tertiary Hospital,CHC,NGO,,,
1344,1346,Western ,Western Area Urban District,Illinois,Eric CHC,CHC,Private,,,
1345,1347,Western ,Western Area Urban District,Illinois,George Tertiary Hospital,CHP,MoHS,,,
1346,1348,Western ,Western Area Urban District,Illinois,Sharon CHC,CHP,MoHS,,,
1347,1349,Western ,Western Area Urban District,Illinois,Roberto Clinic,CHP,MoHS,,,
1348,1350,Western ,Western Area Urban District,Illinois,Jenna CHP,CHP,NGO,,,
1349,1351,Western ,Western Area Urban District,Illinois,Craig CHP,CHP,Private,,,
1350,1352,Western ,Western Area Urban District,Illinois,Rebecca CHp,CHP,Private,,,
1351,1353,Western ,Western Area Urban District,Illinois,David CHP,CHP,Private,,,
1352,1354,Western ,Western Area Urban District,Illinois,Larry CHp,Clinic,Private,,,
1353,1355,Western ,Western Area Urban District,Illinois,Nicole CHC,Clinic,NGO,,,
1354,1356,Western ,Western Area Urban District,Illinois,Robert MCHP,Clinic,NGO,,,
1355,1357,Western ,Western Area Urban District,Illinois,Madison Hospital/CHC,Clinic,Private,,,
1356,1358,Western ,Western Area Urban District,Illinois,Donald Regional Hospital,Clinic,Private,,,
1357,1359,Western ,Western Area Urban District,Illinois,Melissa Hospital/CHC,Clinic,Private,,,
1358,1360,Western ,Western Area Urban District,Illinois,Brian Hospital,Clinic,Private,,,
1359,1361,Western ,Western Area Urban District,Illinois,William Hospital/CHC,Hospital,MoHS,,,
1360,1362,Western ,Western Area Urban District,Illinois,David Hospital,Tertiary Hospital,MoHS,,,
1361,1363,Western ,Western Area Urban District,Illinois,Daniel CHP,Hospital,NGO,,,
1362,1364,Western ,Western Area Urban District,Illinois,Grace Hospital,MCHP,MoHS,,,
1363,1365,Western ,Western Area Urban District,Illinois,Allison hospital,MCHP,Private,,,
1364,1366,Western ,Western Area Urban District,Illinois,Jacob Regional Hospital,MCHP,Private,,,
1365,1367,Western ,Western Area Urban District,Illinois,Mary Tertiary Hospital,MCHP,Private,,,
1366,1368,Western ,Western Area Urban District,Illinois,Jack Regional Hospital,MCHP,Private,,,
1367,1369,Western ,Western Area Urban District,Illinois,Tracy CHC,MCHP,Private,,,
1368,1370,Western ,Western Area Urban District,Illinois,Jessica hospital,MCHP,Private,,,
1369,1371,Western ,Western Area Urban District,Illinois,Mary Hospital/CHC,MCHP,Private,,,
1370,1372,Western ,Western Area Urban District,North Dakota,Aaron Hospital/CHC,Clinic,NGO,,,
1371,1373,Western ,Western Area Urban District,North Dakota,James Hospital/CHC,Clinic,NGO,,,
1372,1374,Western ,Western Area Urban District,North Dakota,Priscilla Regional Hospital,Hospital,MoHS,,,
1373,1375,Western ,Western Area Urban District,Wyoming,Donna Hospital/CHC,CHC,MoHS,,,
1374,1376,Western ,Western Area Urban District,Wyoming,Joseph Hospital,CHC,MoHS,,,
1375,1377,Western ,Western Area Urban District,Wyoming,Timothy Regional Hospital,CHP,MoHS,,,
1376,1378,Western ,Western Area Urban District,Wyoming,Ryan MCHP,Clinic,NGO,,,
1377,1379,Western ,Western Area Urban District,Wyoming,Tyler Clinic,Clinic,Private,,,
1378,1380,Western ,Western Area Urban District,Wyoming,Michael CHp,Hospital,MoHS,,,
1379,1381,Western ,Western Area Urban District,Wyoming,Teresa CHC,Hospital,MoHS,,,
1380,1382,Western ,Western Area Urban District,Wyoming,Wayne CHp,Hospital,Private,,,
1381,1383,Western ,Western Area Urban District,Kentucky,Christine CHp,CHC,MoHS,,,
1382,1384,Western ,Western Area Urban District,Kentucky,Francisco CHp,CHC,MoHS,,,
1383,1385,Western ,Western Area Urban District,Kentucky,Diana CHp,CHP,MoHS,,,
1384,1386,Western ,Western Area Urban District,Kentucky,Jonathan hospital,CHP,MoHS,,,
1385,1387,Western ,Western Area Urban District,Kentucky,Melinda hospital,CHP,MoHS,,,
1386,1388,Western ,Western Area Urban District,Kentucky,Rebecca Tertiary Hospital,CHP,Private,,,
1387,1389,Western ,Western Area Urban District,Kentucky,Joseph hospital,CHP,Private,,,
1388,1390,Western ,Western Area Urban District,Kentucky,Timothy CHP,CHP,Private,,,
1389,1391,Western ,Western Area Urban District,Kentucky,Mark CHC,Clinic,NGO,,,
1390,1392,Western ,Western Area Urban District,Kentucky,John Clinic,Clinic,MoHS,,,
1391,1393,Western ,Western Area Urban District,Kentucky,Troy hospital,Clinic,NGO,,,
1392,1394,Western ,Western Area Urban District,Kentucky,John CHP,Clinic,Private,,,
1393,1395,Western ,Western Area Urban District,Kentucky,Todd hospital,Clinic,Private,,,
1394,1396,Western ,Western Area Urban District,Kentucky,Eric Hospital/CHC,Hospital,MoHS,,,
1395,1397,Western ,Western Area Urban District,Kentucky,Julian CHP,Hospital,MoHS,,,
1396,1398,Western ,Western Area Urban District,Kentucky,Christopher Regional Hospital,Hospital,NGO,,,
1397,1399,Western ,Western Area Urban District,Kentucky,Gordon Hospital,Hospital,Private,,,
1398,1400,Western ,Western Area Urban District,Kentucky,Kathy MCHP,MCHP,MoHS,,,
1399,1401,Western ,Western Area Urban District,Kentucky,Adam CHC,MCHP,MoHS,,,
1400,1402,Western ,Western Area Urban District,Kentucky,Cynthia Hospital/CHC,MCHP,Private,,,
1401,1403,Western ,Western Area Urban District,Kentucky,Ashley MCHP,MCHP,Private,,,
1402,1404,Western ,Western Area Urban District,Kentucky,Karen CHp,MCHP,Private,,,